,TestStatistic,1840pad,1840pbe,1840pcf,10310_4134pa,ski2008pa,23182pa,7207_339pa,SCRAPIE,9914_1261pa,2867pbd,2867pac,SCA,19677_1261pa,19677_1261pb,HD,14499pab,AllIndStudies,Meta,TestStatistic
,,scrapie,scrapie,scrapie,scrapie,scrapie,scrapie,scrapie,all scrp,SCA,SCA,SCA,all SCA,Huntington,Huntington,all HD,Alzheim,,,
NM_009735,-3.08632675135099,0,1,1,0,0,1,1,4,0,0,0,0,0,0,0,0,1,0,-3.08632675135099
NM_007657,-3.99595490634138,0,0,1,0,0,1,1,3,0,0,0,0,0,0,0,0,1,0,-3.99595490634138
NM_008175,-2.0363530632938,0,0,1,0,0,1,1,3,0,0,0,0,0,0,0,0,1,0,-2.0363530632938
NM_134438,-1.59184286992677,0,0,1,0,0,1,1,3,0,0,0,0,0,0,0,0,1,0,-1.59184286992677
NM_001131020,0.100756964036066,0,0,0,0,0,1,1,2,0,0,0,0,0,0,0,0,1,0,0.100756964036066
NM_001136260,0.715548840237406,0,0,1,0,0,1,0,2,0,0,0,0,0,0,0,0,1,0,0.715548840237406
NM_007695,-4.25719490043397,0,0,1,0,0,1,0,2,0,0,0,0,0,0,0,0,1,0,-4.25719490043397
NM_007798,-3.14031452824892,0,0,1,0,0,1,0,2,0,0,0,0,0,0,0,0,1,0,-3.14031452824892
NM_009370,-2.04081593105983,0,0,0,0,0,1,1,2,0,0,0,0,0,0,0,0,1,0,-2.04081593105983
NM_009700,-1.73051215258626,0,0,0,0,0,1,1,2,0,0,0,0,0,0,0,0,1,0,-1.73051215258626
NM_010299,-1.04039510923964,0,0,1,0,0,1,0,2,0,0,0,0,0,0,0,0,1,0,-1.04039510923964
NM_010380,1.12303280915163,0,0,0,0,0,1,1,2,0,0,0,0,0,0,0,0,1,0,1.12303280915163
NM_010421,1.17954017356148,0,0,1,0,0,1,0,2,0,0,0,0,0,0,0,0,1,0,1.17954017356148
NM_010422,-4.57198765701222,0,0,1,0,0,1,0,2,0,0,0,0,0,0,0,0,1,0,-4.57198765701222
NM_010745,-1.50277365829048,0,0,1,0,0,0,1,2,0,0,0,0,0,0,0,0,1,0,-1.50277365829048
NM_013454,-0.180165480699218,0,0,1,0,0,0,1,2,0,0,0,0,0,0,0,0,1,0,-0.180165480699218
NM_019503,-1.9500515184655,0,0,1,0,0,1,0,2,0,0,0,0,0,0,0,0,1,0,-1.9500515184655
NM_021281,-3.90161715512285,0,0,1,0,0,0,1,2,0,0,0,0,0,0,0,0,1,0,-3.90161715512285
NM_023587,1.16611868992411,0,0,0,0,0,1,1,2,0,0,0,0,0,0,0,0,1,0,1.16611868992411
NM_026418,-0.533900137742139,0,0,1,0,0,1,0,2,0,0,0,0,0,0,0,0,1,0,-0.533900137742139
NM_027288,-3.63610671459966,0,0,0,0,0,1,1,2,0,0,0,0,0,0,0,0,1,0,-3.63610671459966
NM_028044,-3.51365480930901,0,0,1,0,0,0,1,2,0,0,0,0,0,0,0,0,1,0,-3.51365480930901
NM_029770,2.03448287706801,0,0,0,0,0,1,1,2,0,0,0,0,0,0,0,0,1,0,2.03448287706801
NM_148938,0.469678309912332,0,0,1,0,0,1,0,2,0,0,0,0,0,0,0,0,1,0,0.469678309912332
NM_175092,-2.73457467560928,0,0,1,0,0,1,0,2,0,0,0,0,0,0,0,0,1,0,-2.73457467560928
NM_009062,3.07488346506219,0,0,1,0,0,0,0,1,0,0,1,1,0,0,0,0,1,0,3.07488346506219
NM_009262,-0.18702339372892,0,0,0,0,0,1,0,1,0,0,1,1,0,0,0,0,1,0,-0.18702339372892
NM_010199,1.67151668330486,0,0,0,0,0,1,0,1,0,0,1,1,0,0,0,0,1,0,1.67151668330486
NM_010599,-2.50485235663703,0,0,0,0,0,1,0,1,0,0,1,1,0,0,0,0,1,0,-2.50485235663703
NM_013658,1.84554055711218,0,0,0,0,0,0,1,1,0,0,1,1,0,0,0,0,1,0,1.84554055711218
NM_013701,0.830813393285612,0,0,0,0,0,1,0,1,0,0,1,1,0,0,0,0,1,0,0.830813393285612
NM_019800,-0.727266703158595,0,0,0,0,0,1,0,1,0,0,1,1,0,0,0,0,1,0,-0.727266703158595
NM_021329,-1.88415285855032,0,0,0,0,0,0,1,1,0,0,1,1,0,0,0,0,1,0,-1.88415285855032
NM_028773,1.84618292478104,0,0,0,0,0,1,0,1,0,1,0,1,0,0,0,0,1,0,1.84618292478104
NM_172809,3.8696415106007,0,0,0,0,0,1,0,1,0,0,1,1,0,0,0,0,1,0,3.8696415106007
NM_197987,0.298297969610766,0,0,0,0,0,1,0,1,0,0,1,1,0,0,0,0,1,0,0.298297969610766
NM_207530,-0.953809915415634,0,0,0,0,0,1,0,1,0,0,1,1,0,0,0,0,1,0,-0.953809915415634
Mm.256058,-1.63199549164653,0,0,1,0,0,0,0,1,0,0,0,0,0,0,0,0,1,0,-1.63199549164653
NM_001001160,-0.803284218446251,0,0,1,0,0,0,0,1,0,0,0,0,0,0,0,0,1,0,-0.803284218446251
NM_001001892,-0.165980609755825,0,0,0,0,0,0,1,1,0,0,0,0,0,0,0,0,1,0,-0.165980609755825
NM_001001979,-1.34829772308399,0,0,0,0,0,1,0,1,0,0,0,0,0,0,0,0,1,0,-1.34829772308399
NM_001002008,-0.360862398103085,0,0,0,0,0,0,1,1,0,0,0,0,0,0,0,0,1,0,-0.360862398103085
NM_001004357,-1.08545475009384,0,0,0,0,0,0,1,1,0,0,0,0,0,0,0,0,1,0,-1.08545475009384
NM_001005331,0.647820675569179,0,0,0,0,0,1,0,1,0,0,0,0,0,0,0,0,1,0,0.647820675569179
NM_001005858,-1.68891066559041,0,0,1,0,0,0,0,1,0,0,0,0,0,0,0,0,1,0,-1.68891066559041
NM_001008231,-0.215258476536647,0,0,0,0,0,1,0,1,0,0,0,0,0,0,0,0,1,0,-0.215258476536647
NM_001008702,-1.19930803853723,0,0,0,0,0,1,0,1,0,0,0,0,0,0,0,0,1,0,-1.19930803853723
NM_001010937,-3.43875234586561,0,0,1,0,0,0,0,1,0,0,0,0,0,0,0,0,1,0,-3.43875234586561
NM_001012305,-1.4731980670738,0,0,0,0,0,1,0,1,0,0,0,0,0,0,0,0,1,0,-1.4731980670738
NM_001012401,-0.92486651233259,0,0,0,0,0,1,0,1,0,0,0,0,0,0,0,0,1,0,-0.92486651233259
NM_001013026,-0.83279227610279,0,0,0,0,0,1,0,1,0,0,0,0,0,0,0,0,1,0,-0.83279227610279
NM_001013371,0.980710609479203,0,0,0,0,0,1,0,1,0,0,0,0,0,0,0,0,1,0,0.980710609479203
NM_001017959,-0.999159898192286,0,0,1,0,0,0,0,1,0,0,0,0,0,0,0,0,1,0,-0.999159898192286
NM_001017985,0.763324338443132,0,0,0,0,0,1,0,1,0,0,0,0,0,0,0,0,1,0,0.763324338443132
NM_001024703,-1.69275353195411,0,0,0,0,0,1,0,1,0,0,0,0,0,0,0,0,1,0,-1.69275353195411
NM_001025093,-1.48387261160518,0,0,0,0,0,1,0,1,0,0,0,0,0,0,0,0,1,0,-1.48387261160518
NM_001025156,0.561479344419437,0,0,0,0,0,1,0,1,0,0,0,0,0,0,0,0,1,0,0.561479344419437
NM_001025365,1.71041382204799,0,0,0,0,0,1,0,1,0,0,0,0,0,0,0,0,1,0,1.71041382204799
NM_001025372,-0.200389941634618,0,0,0,0,0,0,1,1,0,0,0,0,0,0,0,0,1,0,-0.200389941634618
NM_001025431,-1.08846072400193,0,0,0,0,0,1,0,1,0,0,0,0,0,0,0,0,1,0,-1.08846072400193
NM_001025617,-1.14778625569328,0,0,0,0,0,1,0,1,0,0,0,0,0,0,0,0,1,0,-1.14778625569328
NM_001031667,1.10851887167103,0,0,0,0,0,1,0,1,0,0,0,0,0,0,0,0,1,0,1.10851887167103
NM_001033301,-2.38322272824001,0,0,0,0,0,1,0,1,0,0,0,0,0,0,0,0,1,0,-2.38322272824001
NM_001033336,-0.523678767797749,0,0,0,0,0,1,0,1,0,0,0,0,0,0,0,0,1,0,-0.523678767797749
NM_001033352,-2.43150579736818,0,0,0,0,0,0,1,1,0,0,0,0,0,0,0,0,1,0,-2.43150579736818
NM_001033416,-1.56923917376016,0,0,0,0,0,1,0,1,0,0,0,0,0,0,0,0,1,0,-1.56923917376016
NM_001033442,-2.10901879864107,0,0,0,0,0,1,0,1,0,0,0,0,0,0,0,0,1,0,-2.10901879864107
NM_001033453,1.79068819219991,0,0,0,0,0,1,0,1,0,0,0,0,0,0,0,0,1,0,1.79068819219991
NM_001037723,-0.989271841304701,0,0,0,0,0,1,0,1,0,0,0,0,0,0,0,0,1,0,-0.989271841304701
NM_001037758,1.04873754944729,0,0,0,0,0,0,1,1,0,0,0,0,0,0,0,0,1,0,1.04873754944729
NM_001037940,-1.21066436592925,0,0,0,0,0,1,0,1,0,0,0,0,0,0,0,0,1,0,-1.21066436592925
NM_001037999,-4.15491573936948,0,0,1,0,0,0,0,1,0,0,0,0,0,0,0,0,1,0,-4.15491573936948
NM_001038492,1.12694460687964,0,0,0,0,0,1,0,1,0,0,0,0,0,0,0,0,1,0,1.12694460687964
NM_001038703,0.28687284114834,0,0,0,0,0,1,0,1,0,0,0,0,0,0,0,0,1,0,0.28687284114834
NM_001038993,-3.18477511005074,0,0,0,0,0,0,1,1,0,0,0,0,0,0,0,0,1,0,-3.18477511005074
NM_001039077,-0.367401483624662,0,0,0,0,0,0,1,1,0,0,0,0,0,0,0,0,1,0,-0.367401483624662
NM_001039147,-0.335972072567854,0,0,0,0,0,1,0,1,0,0,0,0,0,0,0,0,1,0,-0.335972072567854
NM_001039160,-1.75210086123914,0,0,0,0,0,1,0,1,0,0,0,0,0,0,0,0,1,0,-1.75210086123914
NM_001039386,2.85054020114277,0,0,0,0,0,1,0,1,0,0,0,0,0,0,0,0,1,0,2.85054020114277
NM_001039520,-1.11247064846741,0,0,0,0,0,0,1,1,0,0,0,0,0,0,0,0,1,0,-1.11247064846741
NM_001039546,-1.73221626260547,0,0,0,0,0,1,0,1,0,0,0,0,0,0,0,0,1,0,-1.73221626260547
NM_001040684,-0.748317488991746,0,0,0,0,0,1,0,1,0,0,0,0,0,0,0,0,1,0,-0.748317488991746
NM_001042487,3.57922678583224,0,0,0,0,0,0,1,1,0,0,0,0,0,0,0,0,1,0,3.57922678583224
NM_001044740,1.14615267028142,0,0,0,0,0,1,0,1,0,0,0,0,0,0,0,0,1,0,1.14615267028142
NM_001047435,2.92555618384142,0,0,0,0,0,0,1,1,0,0,0,0,0,0,0,0,1,0,2.92555618384142
NM_001048148,0.397509577833126,0,0,0,0,0,1,0,1,0,0,0,0,0,0,0,0,1,0,0.397509577833126
NM_001076676,-0.016799836773881,0,0,0,0,0,1,0,1,0,0,0,0,0,0,0,0,1,0,-0.016799836773881
NM_001077202,-1.28335787689019,0,0,0,0,0,0,1,1,0,0,0,0,0,0,0,0,1,0,-1.28335787689019
NM_001077359,-0.872849489347156,0,0,0,0,0,1,0,1,0,0,0,0,0,0,0,0,1,0,-0.872849489347156
NM_001077364,0.909613213385947,0,0,0,0,0,1,0,1,0,0,0,0,0,0,0,0,1,0,0.909613213385947
NM_001077411,-0.515514681408964,0,0,0,0,0,1,0,1,0,0,0,0,0,0,0,0,1,0,-0.515514681408964
NM_001079830,0.82161535080972,0,0,0,0,0,0,1,1,0,0,0,0,0,0,0,0,1,0,0.82161535080972
NM_001080126,0.339897986786482,0,0,0,0,0,1,0,1,0,0,0,0,0,0,0,0,1,0,0.339897986786482
NM_001080557,1.18177916568439,0,0,0,0,0,1,0,1,0,0,0,0,0,0,0,0,1,0,1.18177916568439
NM_001080742,1.38061220907857,0,0,0,0,0,0,1,1,0,0,0,0,0,0,0,0,1,0,1.38061220907857
NM_001081006,-0.2783792694713,0,0,0,0,0,0,1,1,0,0,0,0,0,0,0,0,1,0,-0.2783792694713
NM_001081059,-0.019494603648403,0,0,0,0,0,1,0,1,0,0,0,0,0,0,0,0,1,0,-0.019494603648403
NM_001081079,0.211513571997933,0,0,0,0,0,1,0,1,0,0,0,0,0,0,0,0,1,0,0.211513571997933
NM_001081169,1.34101099343722,0,0,0,0,0,1,0,1,0,0,0,0,0,0,0,0,1,0,1.34101099343722
NM_001081175,-2.44779657832948,0,0,0,0,0,0,1,1,0,0,0,0,0,0,0,0,1,0,-2.44779657832948
NM_001081188,-1.52406971188499,0,0,0,0,0,0,1,1,0,0,0,0,0,0,0,0,1,0,-1.52406971188499
NM_001081241,2.48832817180071,0,0,0,0,0,0,1,1,0,0,0,0,0,0,0,0,1,0,2.48832817180071
NM_001081274,-1.02871388383551,0,0,0,0,0,1,0,1,0,0,0,0,0,0,0,0,1,0,-1.02871388383551
NM_001081306,0.025360170723924,0,0,0,0,0,1,0,1,0,0,0,0,0,0,0,0,1,0,0.025360170723924
NM_001081454,0.147849096601649,0,0,1,0,0,0,0,1,0,0,0,0,0,0,0,0,1,0,0.147849096601649
NM_001082552,-1.49463511678813,0,0,0,0,0,1,0,1,0,0,0,0,0,0,0,0,1,0,-1.49463511678813
NM_001083312,-1.72772753574314,0,0,0,0,0,1,0,1,0,0,0,0,0,0,0,0,1,0,-1.72772753574314
NM_001083880,1.34645200712725,0,0,0,0,0,0,1,1,0,0,0,0,0,0,0,0,1,0,1.34645200712725
NM_001083901,-2.01116095651933,0,0,0,0,0,0,1,1,0,0,0,0,0,0,0,0,1,0,-2.01116095651933
NM_001085378,1.67289684220998,0,0,0,0,0,0,1,1,0,0,0,0,0,0,0,0,1,0,1.67289684220998
NM_001097979,-0.906223634296218,0,0,0,0,0,1,0,1,0,0,0,0,0,0,0,0,1,0,-0.906223634296218
NM_001098271,-0.546893527701667,0,0,0,0,0,0,1,1,0,0,0,0,0,0,0,0,1,0,-0.546893527701667
NM_001098476,-0.769645087284273,0,0,0,0,0,1,0,1,0,0,0,0,0,0,0,0,1,0,-0.769645087284273
NM_001099275,-1.68460159621909,0,0,0,0,0,1,0,1,0,0,0,0,0,0,0,0,1,0,-1.68460159621909
NM_001101433,-0.949804739393242,0,0,0,0,0,1,0,1,0,0,0,0,0,0,0,0,1,0,-0.949804739393242
NM_001101502,-0.085033395716582,0,0,0,0,0,1,0,1,0,0,0,0,0,0,0,0,1,0,-0.085033395716582
NM_001109745,0.879207206186113,0,0,0,0,0,1,0,1,0,0,0,0,0,0,0,0,1,0,0.879207206186113
NM_001109761,-1.40329186210213,0,0,0,0,0,1,0,1,0,0,0,0,0,0,0,0,1,0,-1.40329186210213
NM_001109992,3.19493198708002,0,0,0,0,0,1,0,1,0,0,0,0,0,0,0,0,1,0,3.19493198708002
NM_001110140,3.3460055603711,0,0,0,0,0,1,0,1,0,0,0,0,0,0,0,0,1,0,3.3460055603711
NM_001110498,-1.41355190391268,0,0,0,0,0,1,0,1,0,0,0,0,0,0,0,0,1,0,-1.41355190391268
NM_001110783,2.07892913378147,0,0,0,0,0,1,0,1,0,0,0,0,0,0,0,0,1,0,2.07892913378147
NM_001111049,-2.12169081658339,0,0,0,0,0,1,0,1,0,0,0,0,0,0,0,0,1,0,-2.12169081658339
NM_001111058,-0.075365811405862,0,0,0,0,0,1,0,1,0,0,0,0,0,0,0,0,1,0,-0.075365811405862
NM_001111073,-0.475895816748188,0,0,0,0,0,1,0,1,0,0,0,0,0,0,0,0,1,0,-0.475895816748188
NM_001111100,-1.76676366316699,0,0,0,0,0,1,0,1,0,0,0,0,0,0,0,0,1,0,-1.76676366316699
NM_001111106,-0.8425631263682,0,0,0,0,0,1,0,1,0,0,0,0,0,0,0,0,1,0,-0.8425631263682
NM_001111274,-0.357888583867941,0,0,0,0,0,1,0,1,0,0,0,0,0,0,0,0,1,0,-0.357888583867941
NM_001112668,-0.091321121798957,0,0,0,0,0,1,0,1,0,0,0,0,0,0,0,0,1,0,-0.091321121798957
NM_001112698,-0.722292870654313,0,0,0,0,0,1,0,1,0,0,0,0,0,0,0,0,1,0,-0.722292870654313
NM_001112703,-0.892765469291596,0,0,0,0,0,1,0,1,0,0,0,0,0,0,0,0,1,0,-0.892765469291596
NM_001112739,-0.928772537862046,0,0,0,0,0,1,0,1,0,0,0,0,0,0,0,0,1,0,-0.928772537862046
NM_001113474,-0.333478864257495,0,0,0,0,0,1,0,1,0,0,0,0,0,0,0,0,1,0,-0.333478864257495
NM_001113529,-1.03614863331912,0,0,0,0,0,1,0,1,0,0,0,0,0,0,0,0,1,0,-1.03614863331912
NM_001113532,-1.06688733891712,0,0,0,0,0,0,1,1,0,0,0,0,0,0,0,0,1,0,-1.06688733891712
NM_001114312,0.609983184602786,0,0,0,0,0,1,0,1,0,0,0,0,0,0,0,0,1,0,0.609983184602786
NM_001114339,0.420572832367657,0,0,0,0,0,1,0,1,0,0,0,0,0,0,0,0,1,0,0.420572832367657
NM_001122736,0.678767725546967,1,0,0,0,0,0,0,1,0,0,0,0,0,0,0,0,1,0,0.678767725546967
NM_001122737,0.618550850272976,1,0,0,0,0,0,0,1,0,0,0,0,0,0,0,0,1,0,0.618550850272976
NM_001122780,0.812111104178523,0,0,0,0,0,1,0,1,0,0,0,0,0,0,0,0,1,0,0.812111104178523
NM_001122829,1.80427782305696,0,0,0,0,0,1,0,1,0,0,0,0,0,0,0,0,1,0,1.80427782305696
NM_001122892,1.17047594297919,0,0,0,0,0,1,0,1,0,0,0,0,0,0,0,0,1,0,1.17047594297919
NM_001122895,1.65606585678484,0,0,0,0,0,0,1,1,0,0,0,0,0,0,0,0,1,0,1.65606585678484
NM_001126182,0.596119883367324,0,0,0,0,0,1,0,1,0,0,0,0,0,0,0,0,1,0,0.596119883367324
NM_001127191,0.425570889062213,0,0,0,0,0,0,1,1,0,0,0,0,0,0,0,0,1,0,0.425570889062213
NM_001130450,0.601598627618125,0,0,0,0,0,1,0,1,0,0,0,0,0,0,0,0,1,0,0.601598627618125
NM_001136077,0.478704454181264,0,0,0,0,0,0,1,1,0,0,0,0,0,0,0,0,1,0,0.478704454181264
NM_001136091,0.083169788057488,0,0,0,0,0,1,0,1,0,0,0,0,0,0,0,0,1,0,0.083169788057488
NM_001136227,-1.43663652238899,0,0,0,0,0,0,1,1,0,0,0,0,0,0,0,0,1,0,-1.43663652238899
NM_001141965,0.083840334331817,0,0,0,0,0,1,0,1,0,0,0,0,0,0,0,0,1,0,0.083840334331817
NM_001142441,-1.70443575837,0,0,0,0,0,0,1,1,0,0,0,0,0,0,0,0,1,0,-1.70443575837
NM_001145834,-0.678838577388985,0,0,1,0,0,0,0,1,0,0,0,0,0,0,0,0,1,0,-0.678838577388985
NM_001145835,-0.678838577388985,0,0,1,0,0,0,0,1,0,0,0,0,0,0,0,0,1,0,-0.678838577388985
NM_001145836,-0.678838577388985,0,0,1,0,0,0,0,1,0,0,0,0,0,0,0,0,1,0,-0.678838577388985
NM_001159583,-1.19578813975509,0,0,1,0,0,0,0,1,0,0,0,0,0,0,0,0,1,0,-1.19578813975509
NM_001159866,-1.41439559402683,0,0,1,0,0,0,0,1,0,0,0,0,0,0,0,0,1,0,-1.41439559402683
NM_001160316,-1.54091934195633,0,0,1,0,0,0,0,1,0,0,0,0,0,0,0,0,1,0,-1.54091934195633
NM_001160317,-1.54091934195633,0,0,1,0,0,0,0,1,0,0,0,0,0,0,0,0,1,0,-1.54091934195633
NM_001160318,-1.54091934195633,0,0,1,0,0,0,0,1,0,0,0,0,0,0,0,0,1,0,-1.54091934195633
NM_001165902,-1.10962764257588,0,0,1,0,0,0,0,1,0,0,0,0,0,0,0,0,1,0,-1.10962764257588
NM_001171034,-1.08477609554887,0,0,1,0,0,0,0,1,0,0,0,0,0,0,0,0,1,0,-1.08477609554887
NM_001171035,-1.08477609554887,0,0,1,0,0,0,0,1,0,0,0,0,0,0,0,0,1,0,-1.08477609554887
NM_001171036,-1.08477609554887,0,0,1,0,0,0,0,1,0,0,0,0,0,0,0,0,1,0,-1.08477609554887
NM_001172207,-1.47188618187228,0,0,1,0,0,0,0,1,0,0,0,0,0,0,0,0,1,0,-1.47188618187228
NM_001197147,-1.43021116492628,0,0,1,0,0,0,0,1,0,0,0,0,0,0,0,0,1,0,-1.43021116492628
NM_007382,-1.84420585807452,0,0,0,0,0,1,0,1,0,0,0,0,0,0,0,0,1,0,-1.84420585807452
NM_007416,-1.38548979245674,0,0,0,0,0,1,0,1,0,0,0,0,0,0,0,0,1,0,-1.38548979245674
NM_007470,-2.73414815187711,0,0,1,0,0,0,0,1,0,0,0,0,0,0,0,0,1,0,-2.73414815187711
NM_007510,2.28923567575951,0,0,0,0,0,1,0,1,0,0,0,0,0,0,0,0,1,0,2.28923567575951
NM_007520,-1.81218365556129,0,0,0,0,0,1,0,1,0,0,0,0,0,0,0,0,1,0,-1.81218365556129
NM_007547,0.284161766385003,0,0,0,0,0,1,0,1,0,0,0,0,0,0,0,0,1,0,0.284161766385003
NM_007572,-1.08959683665952,0,0,0,0,0,0,1,1,0,0,0,0,0,0,0,0,1,0,-1.08959683665952
NM_007591,-1.14281758437821,0,0,1,0,0,0,0,1,0,0,0,0,0,0,0,0,1,0,-1.14281758437821
NM_007607,1.64205449262548,0,0,0,0,0,1,0,1,0,0,0,0,0,0,0,0,1,0,1.64205449262548
NM_007614,-0.967498229191356,0,0,1,0,0,0,0,1,0,0,0,0,0,0,0,0,1,0,-0.967498229191356
NM_007631,0.650382615907248,0,0,0,0,0,0,1,1,0,0,0,0,0,0,0,0,1,0,0.650382615907248
NM_007651,-0.371211239323683,0,0,1,0,0,0,0,1,0,0,0,0,0,0,0,0,1,0,-0.371211239323683
NM_007677,1.00056744680258,0,0,0,0,0,0,1,1,0,0,0,0,0,0,0,0,1,0,1.00056744680258
NM_007684,-3.1147688464834,0,0,0,0,0,1,0,1,0,0,0,0,0,0,0,0,1,0,-3.1147688464834
NM_007707,2.33125108037031,0,0,0,0,0,1,0,1,0,0,0,0,0,0,0,0,1,0,2.33125108037031
NM_007801,-1.18304066986502,0,0,1,0,0,0,0,1,0,0,0,0,0,0,0,0,1,0,-1.18304066986502
NM_007829,-2.25066236360667,0,0,0,0,0,0,1,1,0,0,0,0,0,0,0,0,1,0,-2.25066236360667
NM_007830,-1.62186272594136,0,0,1,0,0,0,0,1,0,0,0,0,0,0,0,0,1,0,-1.62186272594136
NM_007831,2.65720724248758,0,0,0,0,0,1,0,1,0,0,0,0,0,0,0,0,1,0,2.65720724248758
NM_007838,-0.178623969169803,0,0,0,0,0,1,0,1,0,0,0,0,0,0,0,0,1,0,-0.178623969169803
NM_007896,-3.71980956671389,0,0,0,0,0,1,0,1,0,0,0,0,0,0,0,0,1,0,-3.71980956671389
NM_007913,2.23336509985148,0,0,1,0,0,0,0,1,0,0,0,0,0,0,0,0,1,0,2.23336509985148
NM_007918,0.026403649780184,0,0,0,0,0,1,0,1,0,0,0,0,0,0,0,0,1,0,0.026403649780184
NM_007943,-0.687710495707636,0,0,0,0,0,1,0,1,0,0,0,0,0,0,0,0,1,0,-0.687710495707636
NM_008128,-1.36262839105171,0,0,1,0,0,0,0,1,0,0,0,0,0,0,0,0,1,0,-1.36262839105171
NM_008149,0.618583715486773,0,0,0,0,0,1,0,1,0,0,0,0,0,0,0,0,1,0,0.618583715486773
NM_008167,1.3437323702253,0,0,0,0,0,0,1,1,0,0,0,0,0,0,0,0,1,0,1.3437323702253
NM_008180,0.686350336510148,0,0,0,0,0,1,0,1,0,0,0,0,0,0,0,0,1,0,0.686350336510148
NM_008278,-4.28320591344984,0,0,1,0,0,0,0,1,0,0,0,0,0,0,0,0,1,0,-4.28320591344984
NM_008287,-1.13636199651138,0,0,0,0,0,1,0,1,0,0,0,0,0,0,0,0,1,0,-1.13636199651138
NM_008312,-0.370574224093894,0,0,0,0,0,0,1,1,0,0,0,0,0,0,0,0,1,0,-0.370574224093894
NM_008321,2.56193120283409,0,0,0,0,0,1,0,1,0,0,0,0,0,0,0,0,1,0,2.56193120283409
NM_008330,-2.9044459158205,0,0,0,0,0,0,1,1,0,0,0,0,0,0,0,0,1,0,-2.9044459158205
NM_008349,-2.530009872662,0,0,0,0,0,1,0,1,0,0,0,0,0,0,0,0,1,0,-2.530009872662
NM_008397,-1.21603180384523,0,0,0,0,0,1,0,1,0,0,0,0,0,0,0,0,1,0,-1.21603180384523
NM_008416,1.14261241497255,0,0,0,0,0,0,1,1,0,0,0,0,0,0,0,0,1,0,1.14261241497255
NM_008445,-1.33124452473584,0,0,0,0,0,1,0,1,0,0,0,0,0,0,0,0,1,0,-1.33124452473584
NM_008490,-2.29921059965502,0,0,1,0,0,0,0,1,0,0,0,0,0,0,0,0,1,0,-2.29921059965502
NM_008492,1.05651555600658,0,0,0,0,0,0,1,1,0,0,0,0,0,0,0,0,1,0,1.05651555600658
NM_008495,0.978816764989394,0,0,0,0,0,1,0,1,0,0,0,0,0,0,0,0,1,0,0.978816764989394
NM_008507,3.20094561066944,0,0,0,0,0,1,0,1,0,0,0,0,0,0,0,0,1,0,3.20094561066944
NM_008516,0.338561438291637,0,0,0,0,0,1,0,1,0,0,0,0,0,0,0,0,1,0,0.338561438291637
NM_008517,-2.83933153522991,0,0,0,0,0,1,0,1,0,0,0,0,0,0,0,0,1,0,-2.83933153522991
NM_008535,1.35099241986107,0,0,0,0,0,1,0,1,0,0,0,0,0,0,0,0,1,0,1.35099241986107
NM_008562,1.57866170328668,0,0,0,0,0,1,0,1,0,0,0,0,0,0,0,0,1,0,1.57866170328668
NM_008587,1.54804619761044,0,0,0,0,0,0,1,1,0,0,0,0,0,0,0,0,1,0,1.54804619761044
NM_008591,-1.92190502631552,0,0,0,0,0,0,1,1,0,0,0,0,0,0,0,0,1,0,-1.92190502631552
NM_008595,-0.417659720874916,0,0,0,0,0,1,0,1,0,0,0,0,0,0,0,0,1,0,-0.417659720874916
NM_008618,2.92097853378066,0,0,1,0,0,0,0,1,0,0,0,0,0,0,0,0,1,0,2.92097853378066
NM_008625,0.285190680500659,0,0,0,0,0,1,0,1,0,0,0,0,0,0,0,0,1,0,0.285190680500659
NM_008633,0.50712096757102,0,0,1,0,0,0,0,1,0,0,0,0,0,0,0,0,1,0,0.50712096757102
NM_008640,-2.17427657176747,0,0,1,0,0,0,0,1,0,0,0,0,0,0,0,0,1,0,-2.17427657176747
NM_008747,-1.01627263662236,0,0,0,0,0,1,0,1,0,0,0,0,0,0,0,0,1,0,-1.01627263662236
NM_008775,-2.57774912229877,0,0,0,0,0,1,0,1,0,0,0,0,0,0,0,0,1,0,-2.57774912229877
NM_008792,0.270786153055044,0,0,0,0,0,1,0,1,0,0,0,0,0,0,0,0,1,0,0.270786153055044
NM_008808,-2.26336573048493,0,0,0,0,0,0,1,1,0,0,0,0,0,0,0,0,1,0,-2.26336573048493
NM_008828,-1.34037499223415,0,0,0,0,0,0,1,1,0,0,0,0,0,0,0,0,1,0,-1.34037499223415
NM_008874,-0.01798016717638,0,0,0,0,0,1,0,1,0,0,0,0,0,0,0,0,1,0,-0.01798016717638
NM_008875,-0.257816304900511,0,0,0,0,0,1,0,1,0,0,0,0,0,0,0,0,1,0,-0.257816304900511
NM_008879,-2.62361290274482,0,0,1,0,0,0,0,1,0,0,0,0,0,0,0,0,1,0,-2.62361290274482
NM_008914,1.60934170646805,0,0,0,0,0,1,0,1,0,0,0,0,0,0,0,0,1,0,1.60934170646805
NM_008916,-0.221205877905327,0,0,0,0,0,0,1,1,0,0,0,0,0,0,0,0,1,0,-0.221205877905327
NM_008937,-1.99244346365415,0,0,0,0,0,1,0,1,0,0,0,0,0,0,0,0,1,0,-1.99244346365415
NM_008971,-1.70597755096598,0,0,0,0,0,1,0,1,0,0,0,0,0,0,0,0,1,0,-1.70597755096598
NM_009001,0.103508118737295,0,0,0,0,0,1,0,1,0,0,0,0,0,0,0,0,1,0,0.103508118737295
NM_009058,-1.72151033119137,0,0,1,0,0,0,0,1,0,0,0,0,0,0,0,0,1,0,-1.72151033119137
NM_009065,-2.82153673191339,0,0,0,0,0,1,0,1,0,0,0,0,0,0,0,0,1,0,-2.82153673191339
NM_009069,-2.30935824255116,0,0,0,0,0,1,0,1,0,0,0,0,0,0,0,0,1,0,-2.30935824255116
NM_009101,-1.74790951943146,0,0,0,0,0,1,0,1,0,0,0,0,0,0,0,0,1,0,-1.74790951943146
NM_009121,-0.557759689423058,0,0,0,0,0,1,0,1,0,0,0,0,0,0,0,0,1,0,-0.557759689423058
NM_009130,-0.207705538118972,0,0,0,0,0,1,0,1,0,0,0,0,0,0,0,0,1,0,-0.207705538118972
NM_009145,0.64907520798047,0,0,0,0,0,1,0,1,0,0,0,0,0,0,0,0,1,0,0.64907520798047
NM_009157,-1.63106255831085,0,0,0,0,0,1,0,1,0,0,0,0,0,0,0,0,1,0,-1.63106255831085
NM_009234,2.19903094492466,0,0,0,0,0,1,0,1,0,0,0,0,0,0,0,0,1,0,2.19903094492466
NM_009254,-3.01309409430619,0,0,0,0,0,0,1,1,0,0,0,0,0,0,0,0,1,0,-3.01309409430619
NM_009302,0.58957967914045,0,0,0,0,0,1,0,1,0,0,0,0,0,0,0,0,1,0,0.58957967914045
NM_009306,3.41750658634279,0,0,0,0,0,1,0,1,0,0,0,0,0,0,0,0,1,0,3.41750658634279
NM_009326,-2.74511443826166,0,0,0,0,0,0,1,1,0,0,0,0,0,0,0,0,1,0,-2.74511443826166
NM_009342,-0.60185649352619,0,0,0,0,0,1,0,1,0,0,0,0,0,0,0,0,1,0,-0.60185649352619
NM_009363,-0.394279516361657,0,0,0,0,0,0,1,1,0,0,0,0,0,0,0,0,1,0,-0.394279516361657
NM_009371,-3.07061084818907,0,0,0,0,0,1,0,1,0,0,0,0,0,0,0,0,1,0,-3.07061084818907
NM_009422,-0.637315964472707,0,0,0,0,0,0,1,1,0,0,0,0,0,0,0,0,1,0,-0.637315964472707
NM_009433,-2.45113823553724,0,0,0,0,0,1,0,1,0,0,0,0,0,0,0,0,1,0,-2.45113823553724
NM_009437,-0.31547788831221,0,0,0,0,0,1,0,1,0,0,0,0,0,0,0,0,1,0,-0.31547788831221
NM_009465,-1.9611611200383,0,0,0,0,0,1,0,1,0,0,0,0,0,0,0,0,1,0,-1.9611611200383
NM_009499,-0.647782429159398,0,0,0,0,1,0,0,1,0,0,0,0,0,0,0,0,1,0,-0.647782429159398
NM_009517,1.8222296529344,0,0,0,0,0,1,0,1,0,0,0,0,0,0,0,0,1,0,1.8222296529344
NM_009531,-0.064526890581551,0,0,0,0,0,1,0,1,0,0,0,0,0,0,0,0,1,0,-0.064526890581551
NM_009546,-1.24810579451535,0,0,0,0,0,1,0,1,0,0,0,0,0,0,0,0,1,0,-1.24810579451535
NM_009548,0.302679986137788,0,0,0,0,0,1,0,1,0,0,0,0,0,0,0,0,1,0,0.302679986137788
NM_009612,0.732518511637462,0,0,0,0,0,1,0,1,0,0,0,0,0,0,0,0,1,0,0.732518511637462
NM_009625,0.515518181467401,0,0,0,0,0,0,1,1,0,0,0,0,0,0,0,0,1,0,0.515518181467401
NM_009640,1.68774784278082,0,0,0,0,0,1,0,1,0,0,0,0,0,0,0,0,1,0,1.68774784278082
NM_009657,-1.69207750282551,0,0,1,0,0,0,0,1,0,0,0,0,0,0,0,0,1,0,-1.69207750282551
NM_009658,0.393080432918153,0,0,0,0,0,0,1,1,0,0,0,0,0,0,0,0,1,0,0.393080432918153
NM_009676,1.41600389470383,0,0,0,0,0,1,0,1,0,0,0,0,0,0,0,0,1,0,1.41600389470383
NM_009692,0.189845412581793,0,0,0,0,0,1,0,1,0,0,0,0,0,0,0,0,1,0,0.189845412581793
NM_009696,-3.5983251359321,0,0,1,0,0,0,0,1,0,0,0,0,0,0,0,0,1,0,-3.5983251359321
NM_009712,0.20694961664923,0,0,0,0,0,1,0,1,0,0,0,0,0,0,0,0,1,0,0.20694961664923
NM_009716,1.97110202514678,0,0,0,0,0,0,1,1,0,0,0,0,0,0,0,0,1,0,1.97110202514678
NM_009717,0.291631654716569,0,0,0,0,0,1,0,1,0,0,0,0,0,0,0,0,1,0,0.291631654716569
NM_009724,-1.06537556557873,0,0,0,0,0,0,1,1,0,0,0,0,0,0,0,0,1,0,-1.06537556557873
NM_009725,1.05008444068236,0,0,0,0,0,1,0,1,0,0,0,0,0,0,0,0,1,0,1.05008444068236
NM_009741,0.23277656151742,0,0,0,0,0,1,0,1,0,0,0,0,0,0,0,0,1,0,0.23277656151742
NM_009775,0.48562032420546,0,0,0,0,0,1,0,1,0,0,0,0,0,0,0,0,1,0,0.48562032420546
NM_009777,0.593776831174911,0,0,0,0,0,0,1,1,0,0,0,0,0,0,0,0,1,0,0.593776831174911
NM_009780,-1.18041313249275,0,0,0,0,0,0,1,1,0,0,0,0,0,0,0,0,1,0,-1.18041313249275
NM_009794,1.41695061647177,0,0,0,0,0,1,0,1,0,0,0,0,0,0,0,0,1,0,1.41695061647177
NM_009848,-1.02145180991047,0,0,0,0,0,1,0,1,0,0,0,0,0,0,0,0,1,0,-1.02145180991047
NM_009856,-0.627824868427725,0,0,0,0,0,1,0,1,0,0,0,0,0,0,0,0,1,0,-0.627824868427725
NM_009897,-1.35006361108053,0,0,0,0,0,1,0,1,0,0,0,0,0,0,0,0,1,0,-1.35006361108053
NM_009906,0.616554862743806,0,0,0,0,0,1,0,1,0,0,0,0,0,0,0,0,1,0,0.616554862743806
NM_009954,1.33870032498971,0,0,0,0,0,0,1,1,0,0,0,0,0,0,0,0,1,0,1.33870032498971
NM_009976,-4.36675921139314,0,0,1,0,0,0,0,1,0,0,0,0,0,0,0,0,1,0,-4.36675921139314
NM_009982,-1.43381206643483,0,0,1,0,0,0,0,1,0,0,0,0,0,0,0,0,1,0,-1.43381206643483
NM_010050,1.79379520296411,0,0,0,0,0,0,1,1,0,0,0,0,0,0,0,0,1,0,1.79379520296411
NM_010063,-1.15593179438202,0,0,0,0,0,1,0,1,0,0,0,0,0,0,0,0,1,0,-1.15593179438202
NM_010097,-1.2261455432901,0,0,1,0,0,0,0,1,0,0,0,0,0,0,0,0,1,0,-1.2261455432901
NM_010101,0.946175290318455,0,0,0,0,0,1,0,1,0,0,0,0,0,0,0,0,1,0,0.946175290318455
NM_010139,-0.626829327556482,0,0,0,0,0,0,1,1,0,0,0,0,0,0,0,0,1,0,-0.626829327556482
NM_010185,-0.500687097914732,0,0,1,0,0,0,0,1,0,0,0,0,0,0,0,0,1,0,-0.500687097914732
NM_010186,-1.66762593992973,0,0,0,0,0,1,0,1,0,0,0,0,0,0,0,0,1,0,-1.66762593992973
NM_010194,-0.94732391303086,0,0,0,0,0,1,0,1,0,0,0,0,0,0,0,0,1,0,-0.94732391303086
NM_010233,0.554585932106274,0,0,0,0,0,0,1,1,0,0,0,0,0,0,0,0,1,0,0.554585932106274
NM_010260,-0.620787822703745,0,0,0,0,0,1,0,1,0,0,0,0,0,0,0,0,1,0,-0.620787822703745
NM_010283,1.46611639336103,0,0,0,0,0,1,0,1,0,0,0,0,0,0,0,0,1,0,1.46611639336103
NM_010298,2.63083804611891,0,0,1,0,0,0,0,1,0,0,0,0,0,0,0,0,1,0,2.63083804611891
NM_010303,-1.33812569616807,0,0,0,0,0,1,0,1,0,0,0,0,0,0,0,0,1,0,-1.33812569616807
NM_010318,-3.40699674077391,0,0,0,0,0,1,0,1,0,0,0,0,0,0,0,0,1,0,-3.40699674077391
NM_010358,-2.58161658543246,0,0,1,0,0,0,0,1,0,0,0,0,0,0,0,0,1,0,-2.58161658543246
NM_010368,-3.49216260112423,0,0,0,0,0,1,0,1,0,0,0,0,0,0,0,0,1,0,-3.49216260112423
NM_010386,0.71226672248728,0,0,0,0,0,1,0,1,0,0,0,0,0,0,0,0,1,0,0.71226672248728
NM_010389,-0.098055755326296,0,0,0,0,0,1,0,1,0,0,0,0,0,0,0,0,1,0,-0.098055755326296
NM_010398,0.661952757804909,0,0,0,0,0,1,0,1,0,0,0,0,0,0,0,0,1,0,0.661952757804909
NM_010423,-0.32038718142528,0,0,0,0,0,1,0,1,0,0,0,0,0,0,0,0,1,0,-0.32038718142528
NM_010486,1.3016076748621,0,0,0,0,0,1,0,1,0,0,0,0,0,0,0,0,1,0,1.3016076748621
NM_010501,1.31968464867254,0,0,0,0,0,0,1,1,0,0,0,0,0,0,0,0,1,0,1.31968464867254
NM_010514,0.618550850272976,1,0,0,0,0,0,0,1,0,0,0,0,0,0,0,0,1,0,0.618550850272976
NM_010518,3.26175329784743,0,0,0,0,0,1,0,1,0,0,0,0,0,0,0,0,1,0,3.26175329784743
NM_010580,0.209186454246053,0,0,0,0,0,1,0,1,0,0,0,0,0,0,0,0,1,0,0.209186454246053
NM_010586,1.03826468452589,0,0,0,0,0,1,0,1,0,0,0,0,0,0,0,0,1,0,1.03826468452589
NM_010602,1.92778219902073,0,0,0,0,0,1,0,1,0,0,0,0,0,0,0,0,1,0,1.92778219902073
NM_010685,-0.99166272055504,0,0,1,0,0,0,0,1,0,0,0,0,0,0,0,0,1,0,-0.99166272055504
NM_010686,-1.75401889884844,0,0,1,0,0,0,0,1,0,0,0,0,0,0,0,0,1,0,-1.75401889884844
NM_010701,0.582833496870493,0,0,0,0,0,1,0,1,0,0,0,0,0,0,0,0,1,0,0.582833496870493
NM_010708,-3.34868003797106,0,0,0,0,0,1,0,1,0,0,0,0,0,0,0,0,1,0,-3.34868003797106
NM_010724,0.542522450825408,0,0,0,0,0,1,0,1,0,0,0,0,0,0,0,0,1,0,0.542522450825408
NM_010749,0.948832984992557,0,0,0,0,0,1,0,1,0,0,0,0,0,0,0,0,1,0,0.948832984992557
NM_010826,-0.933680688558131,0,0,0,0,0,1,0,1,0,0,0,0,0,0,0,0,1,0,-0.933680688558131
NM_010833,0.232817721466279,0,0,0,0,0,1,0,1,0,0,0,0,0,0,0,0,1,0,0.232817721466279
NM_010849,-1.37547171597703,0,0,0,0,0,1,0,1,0,0,0,0,0,0,0,0,1,0,-1.37547171597703
NM_010876,1.40483541700824,0,0,0,0,0,1,0,1,0,0,0,0,0,0,0,0,1,0,1.40483541700824
NM_010902,-1.76474682164925,0,0,0,0,0,1,0,1,0,0,0,0,0,0,0,0,1,0,-1.76474682164925
NM_010910,1.94838799751569,0,0,0,0,0,1,0,1,0,0,0,0,0,0,0,0,1,0,1.94838799751569
NM_010922,0.155657402879451,0,0,1,0,0,0,0,1,0,0,0,0,0,0,0,0,1,0,0.155657402879451
NM_010937,-2.54416326474235,0,0,0,0,0,1,0,1,0,0,0,0,0,0,0,0,1,0,-2.54416326474235
NM_011019,1.14559916918188,0,0,0,0,0,1,0,1,0,0,0,0,0,0,0,0,1,0,1.14559916918188
NM_011020,0.780330089582256,0,0,0,0,0,1,0,1,0,0,0,0,0,0,0,0,1,0,0.780330089582256
NM_011030,0.339086870256731,0,0,0,0,0,1,0,1,0,0,0,0,0,0,0,0,1,0,0.339086870256731
NM_011032,-2.80087514084624,0,0,0,0,0,1,0,1,0,0,0,0,0,0,0,0,1,0,-2.80087514084624
NM_011046,-0.639654490499722,0,0,1,0,0,0,0,1,0,0,0,0,0,0,0,0,1,0,-0.639654490499722
NM_011049,0.863183820307122,0,0,1,0,0,0,0,1,0,0,0,0,0,0,0,0,1,0,0.863183820307122
NM_011052,1.44673039721281,0,0,0,0,0,0,1,1,0,0,0,0,0,0,0,0,1,0,1.44673039721281
NM_011067,-0.679528086538862,0,0,0,0,1,0,0,1,0,0,0,0,0,0,0,0,1,0,-0.679528086538862
NM_011078,0.460853713967569,0,0,0,0,0,1,0,1,0,0,0,0,0,0,0,0,1,0,0.460853713967569
NM_011079,0.966278556628248,0,0,0,0,0,1,0,1,0,0,0,0,0,0,0,0,1,0,0.966278556628248
NM_011102,-0.81672739087063,0,0,0,0,0,1,0,1,0,0,0,0,0,0,0,0,1,0,-0.81672739087063
NM_011119,-2.68561671371343,0,0,1,0,0,0,0,1,0,0,0,0,0,0,0,0,1,0,-2.68561671371343
NM_011135,1.28752009069307,0,0,0,0,0,1,0,1,0,0,0,0,0,0,0,0,1,0,1.28752009069307
NM_011148,0.531309803765027,0,0,0,0,0,0,1,1,0,0,0,0,0,0,0,0,1,0,0.531309803765027
NM_011149,-2.03077470097208,0,0,0,0,0,1,0,1,0,0,0,0,0,0,0,0,1,0,-2.03077470097208
NM_011157,0.243844951929731,0,0,0,0,0,1,0,1,0,0,0,0,0,0,0,0,1,0,0.243844951929731
NM_011173,-2.63989560635237,0,0,0,0,0,1,0,1,0,0,0,0,0,0,0,0,1,0,-2.63989560635237
NM_011175,-0.713746896775406,0,0,0,0,0,1,0,1,0,0,0,0,0,0,0,0,1,0,-0.713746896775406
NM_011207,-0.623561353181188,0,0,0,0,0,1,0,1,0,0,0,0,0,0,0,0,1,0,-0.623561353181188
NM_011300,-1.36674143327405,0,0,0,0,0,0,1,1,0,0,0,0,0,0,0,0,1,0,-1.36674143327405
NM_011309,-2.36387458153365,0,0,0,0,0,0,1,1,0,0,0,0,0,0,0,0,1,0,-2.36387458153365
NM_011355,-1.06472472205788,0,0,0,0,0,1,0,1,0,0,0,0,0,0,0,0,1,0,-1.06472472205788
NM_011361,1.81415066111644,0,0,0,0,0,0,1,1,0,0,0,0,0,0,0,0,1,0,1.81415066111644
NM_011370,-1.5101921693011,0,0,0,0,0,1,0,1,0,0,0,0,0,0,0,0,1,0,-1.5101921693011
NM_011448,-2.66524358494818,0,0,1,0,0,0,0,1,0,0,0,0,0,0,0,0,1,0,-2.66524358494818
NM_011480,-0.32856545835217,0,0,0,0,0,1,0,1,0,0,0,0,0,0,0,0,1,0,-0.32856545835217
NM_011486,-1.64897072287848,0,0,0,0,0,1,0,1,0,0,0,0,0,0,0,0,1,0,-1.64897072287848
NM_011506,0.574393111674186,0,0,0,0,0,1,0,1,0,0,0,0,0,0,0,0,1,0,0.574393111674186
NM_011507,-1.96405716322161,0,0,0,0,0,1,0,1,0,0,0,0,0,0,0,0,1,0,-1.96405716322161
NM_011510,-0.011224130361482,0,0,0,0,0,1,0,1,0,0,0,0,0,0,0,0,1,0,-0.011224130361482
NM_011520,-1.16757901360161,0,0,1,0,0,0,0,1,0,0,0,0,0,0,0,0,1,0,-1.16757901360161
NM_011521,-0.006648995266572,0,0,0,0,0,1,0,1,0,0,0,0,0,0,0,0,1,0,-0.006648995266572
NM_011539,1.86854792839212,0,0,0,0,0,1,0,1,0,0,0,0,0,0,0,0,1,0,1.86854792839212
NM_011552,1.85596497771817,0,0,0,0,0,1,0,1,0,0,0,0,0,0,0,0,1,0,1.85596497771817
NM_011577,0.009994359261082,0,0,0,0,0,1,0,1,0,0,0,0,0,0,0,0,1,0,0.009994359261082
NM_011620,0.981027934907727,0,0,0,0,0,0,1,1,0,0,0,0,0,0,0,0,1,0,0.981027934907727
NM_011625,-1.40791111067484,0,0,0,0,0,1,0,1,0,0,0,0,0,0,0,0,1,0,-1.40791111067484
NM_011662,0.402402039091541,0,0,0,0,0,0,1,1,0,0,0,0,0,0,0,0,1,0,0.402402039091541
NM_011673,3.72910146551542,0,0,0,0,0,1,0,1,0,0,0,0,0,0,0,0,1,0,3.72910146551542
NM_011695,-0.560683094643128,0,0,0,0,0,0,1,1,0,0,0,0,0,0,0,0,1,0,-0.560683094643128
NM_011701,-2.96058176038783,0,0,1,0,0,0,0,1,0,0,0,0,0,0,0,0,1,0,-2.96058176038783
NM_011777,-1.51737276635889,0,0,0,0,0,1,0,1,0,0,0,0,0,0,0,0,1,0,-1.51737276635889
NM_011785,0.910496912635514,0,0,0,0,0,0,1,1,0,0,0,0,0,0,0,0,1,0,0.910496912635514
NM_011815,-0.778129642742478,0,0,1,0,0,0,0,1,0,0,0,0,0,0,0,0,1,0,-0.778129642742478
NM_011823,-0.53460596517745,0,0,0,0,0,1,0,1,0,0,0,0,0,0,0,0,1,0,-0.53460596517745
NM_011838,-0.331738316530842,0,0,0,0,0,1,0,1,0,0,0,0,0,0,0,0,1,0,-0.331738316530842
NM_011850,-1.54693507003008,0,0,0,0,0,0,1,1,0,0,0,0,0,0,0,0,1,0,-1.54693507003008
NM_011873,-0.351095527668372,0,0,0,0,0,1,0,1,0,0,0,0,0,0,0,0,1,0,-0.351095527668372
NM_011937,-1.38722027545208,0,0,0,0,0,1,0,1,0,0,0,0,0,0,0,0,1,0,-1.38722027545208
NM_012002,1.33270296871653,0,0,0,0,0,1,0,1,0,0,0,0,0,0,0,0,1,0,1.33270296871653
NM_012006,-0.232360023736418,0,0,0,0,0,0,1,1,0,0,0,0,0,0,0,0,1,0,-0.232360023736418
NM_013415,-3.97675203703766,0,0,1,0,0,0,0,1,0,0,0,0,0,0,0,0,1,0,-3.97675203703766
NM_013467,-4.43084336470108,0,0,1,0,0,0,0,1,0,0,0,0,0,0,0,0,1,0,-4.43084336470108
NM_013470,-0.634593959533478,0,0,1,0,0,0,0,1,0,0,0,0,0,0,0,0,1,0,-0.634593959533478
NM_013471,0.693058226053236,0,0,0,0,0,1,0,1,0,0,0,0,0,0,0,0,1,0,0.693058226053236
NM_013483,0.033554334926194,0,0,0,0,0,0,1,1,0,0,0,0,0,0,0,0,1,0,0.033554334926194
NM_013492,-2.00718350224236,0,0,1,0,0,0,0,1,0,0,0,0,0,0,0,0,1,0,-2.00718350224236
NM_013592,0.254434835282966,0,0,0,0,0,1,0,1,0,0,0,0,0,0,0,0,1,0,0.254434835282966
NM_013632,0.147669635553407,0,0,0,0,0,1,0,1,0,0,0,0,0,0,0,0,1,0,0.147669635553407
NM_013660,-0.918155322695642,0,0,0,0,0,1,0,1,0,0,0,0,0,0,0,0,1,0,-0.918155322695642
NM_013691,1.22207077052513,0,0,0,0,0,1,0,1,0,0,0,0,0,0,0,0,1,0,1.22207077052513
NM_013758,2.12243699848744,0,0,0,0,0,1,0,1,0,0,0,0,0,0,0,0,1,0,2.12243699848744
NM_013781,-2.20982379123002,0,0,0,0,0,0,1,1,0,0,0,0,0,0,0,0,1,0,-2.20982379123002
NM_013884,-1.76875059391168,0,0,0,0,0,1,0,1,0,0,0,0,0,0,0,0,1,0,-1.76875059391168
NM_015729,1.16320533689596,0,0,0,0,0,1,0,1,0,0,0,0,0,0,0,0,1,0,1.16320533689596
NM_015740,1.73525993519374,0,0,0,0,0,1,0,1,0,0,0,0,0,0,0,0,1,0,1.73525993519374
NM_015753,-0.214847047806463,0,0,0,0,0,0,1,1,0,0,0,0,0,0,0,0,1,0,-0.214847047806463
NM_015809,0.063153447206153,0,0,0,0,0,0,1,1,0,0,0,0,0,0,0,0,1,0,0.063153447206153
NM_016695,-1.05711430281714,0,0,0,0,0,0,1,1,0,0,0,0,0,0,0,0,1,0,-1.05711430281714
NM_016696,-0.337469602852931,0,0,1,0,0,0,0,1,0,0,0,0,0,0,0,0,1,0,-0.337469602852931
NM_016716,0.88253008271926,0,0,0,0,0,1,0,1,0,0,0,0,0,0,0,0,1,0,0.88253008271926
NM_016721,-0.329741585085848,0,0,0,0,0,1,0,1,0,0,0,0,0,0,0,0,1,0,-0.329741585085848
NM_016737,-2.43975004515304,0,0,0,0,0,0,1,1,0,0,0,0,0,0,0,0,1,0,-2.43975004515304
NM_016778,0.327175367913762,0,0,0,0,0,1,0,1,0,0,0,0,0,0,0,0,1,0,0.327175367913762
NM_016802,-1.03322284907911,0,0,1,0,0,0,0,1,0,0,0,0,0,0,0,0,1,0,-1.03322284907911
NM_016846,1.38173198085315,0,0,0,0,0,1,0,1,0,0,0,0,0,0,0,0,1,0,1.38173198085315
NM_016850,-0.529509351215394,0,0,0,0,0,1,0,1,0,0,0,0,0,0,0,0,1,0,-0.529509351215394
NM_016854,-0.000740212770412,0,0,0,0,0,1,0,1,0,0,0,0,0,0,0,0,1,0,-0.000740212770412
NM_016984,-3.35602900657721,0,0,1,0,0,0,0,1,0,0,0,0,0,0,0,0,1,0,-3.35602900657721
NM_017372,-1.03174366439928,0,0,0,0,0,0,1,1,0,0,0,0,0,0,0,0,1,0,-1.03174366439928
NM_017375,-2.62282384626635,0,0,1,0,0,0,0,1,0,0,0,0,0,0,0,0,1,0,-2.62282384626635
NM_017393,0.886797714758024,0,0,0,0,0,1,0,1,0,0,0,0,0,0,0,0,1,0,0.886797714758024
NM_018760,-1.43021116492628,0,0,1,0,0,0,0,1,0,0,0,0,0,0,0,0,1,0,-1.43021116492628
NM_018772,0.236116142108535,0,0,0,0,0,1,0,1,0,0,0,0,0,0,0,0,1,0,0.236116142108535
NM_018773,-2.69831076814264,0,0,0,0,0,1,0,1,0,0,0,0,0,0,0,0,1,0,-2.69831076814264
NM_018795,1.10457507149777,0,0,0,0,0,1,0,1,0,0,0,0,0,0,0,0,1,0,1.10457507149777
NM_018810,-0.94436554637095,0,0,0,0,0,1,0,1,0,0,0,0,0,0,0,0,1,0,-0.94436554637095
NM_018859,-0.364131680779117,0,0,0,0,0,0,1,1,0,0,0,0,0,0,0,0,1,0,-0.364131680779117
NM_018861,0.784887670194137,0,0,0,0,0,0,1,1,0,0,0,0,0,0,0,0,1,0,0.784887670194137
NM_019417,-1.38009919303844,0,0,0,0,0,1,0,1,0,0,0,0,0,0,0,0,1,0,-1.38009919303844
NM_019440,-0.542799497705541,0,0,0,0,0,1,0,1,0,0,0,0,0,0,0,0,1,0,-0.542799497705541
NM_019449,-1.88848407942742,0,0,0,0,0,1,0,1,0,0,0,0,0,0,0,0,1,0,-1.88848407942742
NM_019455,0.158337801042811,0,0,0,0,0,1,0,1,0,0,0,0,0,0,0,0,1,0,0.158337801042811
NM_019472,-0.141799024072735,0,0,0,0,0,1,0,1,0,0,0,0,0,0,0,0,1,0,-0.141799024072735
NM_019562,-0.985476676852034,0,0,1,0,0,0,0,1,0,0,0,0,0,0,0,0,1,0,-0.985476676852034
NM_019568,-0.168540266762702,0,0,0,0,0,1,0,1,0,0,0,0,0,0,0,0,1,0,-0.168540266762702
NM_019588,-1.00769510134974,0,0,0,0,0,1,0,1,0,0,0,0,0,0,0,0,1,0,-1.00769510134974
NM_019632,1.6882189219511,0,0,0,0,0,0,1,1,0,0,0,0,0,0,0,0,1,0,1.6882189219511
NM_019642,0.426653118057234,0,0,0,0,0,1,0,1,0,0,0,0,0,0,0,0,1,0,0.426653118057234
NM_019696,0.722162673810185,0,0,0,0,0,1,0,1,0,0,0,0,0,0,0,0,1,0,0.722162673810185
NM_019735,0.478610593976644,0,0,0,0,0,0,1,1,0,0,0,0,0,0,0,0,1,0,0.478610593976644
NM_019737,-1.55545768806559,0,0,0,0,0,1,0,1,0,0,0,0,0,0,0,0,1,0,-1.55545768806559
NM_019745,1.48603437716109,0,0,0,0,0,0,1,1,0,0,0,0,0,0,0,0,1,0,1.48603437716109
NM_019749,-1.30183313190942,0,0,0,0,0,1,0,1,0,0,0,0,0,0,0,0,1,0,-1.30183313190942
NM_019763,-0.243603859028495,0,0,0,0,0,0,1,1,0,0,0,0,0,0,0,0,1,0,-0.243603859028495
NM_019799,-0.9469030178386,0,0,0,0,0,0,1,1,0,0,0,0,0,0,0,0,1,0,-0.9469030178386
NM_019831,-2.36250986614941,0,0,0,0,0,0,1,1,0,0,0,0,0,0,0,0,1,0,-2.36250986614941
NM_019833,-1.64023660715058,0,0,1,0,0,0,0,1,0,0,0,0,0,0,0,0,1,0,-1.64023660715058
NM_019953,2.22688892440002,0,0,0,0,0,1,0,1,0,0,0,0,0,0,0,0,1,0,2.22688892440002
NM_019957,-0.067645459862774,0,0,0,0,0,1,0,1,0,0,0,0,0,0,0,0,1,0,-0.067645459862774
NM_019967,-1.72867691950958,0,0,0,0,0,1,0,1,0,0,0,0,0,0,0,0,1,0,-1.72867691950958
NM_020252,-0.359365904356974,0,0,0,0,0,1,0,1,0,0,0,0,0,0,0,0,1,0,-0.359365904356974
NM_020260,1.21145148071705,0,0,0,0,0,1,0,1,0,0,0,0,0,0,0,0,1,0,1.21145148071705
NM_020263,1.27237772254921,0,0,0,0,0,0,1,1,0,0,0,0,0,0,0,0,1,0,1.27237772254921
NM_020599,0.694753217365371,0,0,0,0,0,1,0,1,0,0,0,0,0,0,0,0,1,0,0.694753217365371
NM_020610,0.044819435825854,0,0,0,0,0,1,0,1,0,0,0,0,0,0,0,0,1,0,0.044819435825854
NM_021350,-1.47717130388488,0,0,0,0,0,1,0,1,0,0,0,0,0,0,0,0,1,0,-1.47717130388488
NM_021472,1.04040489204591,0,0,0,0,0,1,0,1,0,0,0,0,0,0,0,0,1,0,1.04040489204591
NM_021480,0.014191053938154,0,0,0,0,0,0,1,1,0,0,0,0,0,0,0,0,1,0,0.014191053938154
NM_021606,-3.4727766154552,0,0,0,0,0,1,0,1,0,0,0,0,0,0,0,0,1,0,-3.4727766154552
NM_021788,-1.28527767944406,0,0,1,0,0,0,0,1,0,0,0,0,0,0,0,0,1,0,-1.28527767944406
NM_022321,-0.662216908232893,0,0,0,0,0,1,0,1,0,0,0,0,0,0,0,0,1,0,-0.662216908232893
NM_022325,-1.08346009520101,0,0,0,0,0,1,0,1,0,0,0,0,0,0,0,0,1,0,-1.08346009520101
NM_022410,-1.75451790635976,0,0,0,0,0,1,0,1,0,0,0,0,0,0,0,0,1,0,-1.75451790635976
NM_022417,-2.4316977916571,0,0,1,0,0,0,0,1,0,0,0,0,0,0,0,0,1,0,-2.4316977916571
NM_022813,-2.78025906712417,0,0,0,0,0,1,0,1,0,0,0,0,0,0,0,0,1,0,-2.78025906712417
NM_023132,0.420278860185309,0,0,0,0,0,1,0,1,0,0,0,0,0,0,0,0,1,0,0.420278860185309
NM_023141,-1.35352859469091,0,0,0,0,0,1,0,1,0,0,0,0,0,0,0,0,1,0,-1.35352859469091
NM_023142,-1.94991995847078,0,0,0,0,0,1,0,1,0,0,0,0,0,0,0,0,1,0,-1.94991995847078
NM_023149,1.01445984033753,0,0,0,0,0,1,0,1,0,0,0,0,0,0,0,0,1,0,1.01445984033753
NM_023153,2.67592835046683,0,0,0,0,0,0,1,1,0,0,0,0,0,0,0,0,1,0,2.67592835046683
NM_023175,-1.99706286912121,0,0,0,0,0,1,0,1,0,0,0,0,0,0,0,0,1,0,-1.99706286912121
NM_023243,0.151799293070504,0,0,0,0,0,1,0,1,0,0,0,0,0,0,0,0,1,0,0.151799293070504
NM_023249,0.223393338359638,0,0,0,0,0,0,1,1,0,0,0,0,0,0,0,0,1,0,0.223393338359638
NM_023311,3.37472706791255,0,0,0,0,0,0,1,1,0,0,0,0,0,0,0,0,1,0,3.37472706791255
NM_023409,-1.03397305471973,0,0,0,0,0,1,0,1,0,0,0,0,0,0,0,0,1,0,-1.03397305471973
NM_023429,1.15918704648964,0,0,0,0,0,1,0,1,0,0,0,0,0,0,0,0,1,0,1.15918704648964
NM_023434,-1.94597983554221,0,0,0,0,0,0,1,1,0,0,0,0,0,0,0,0,1,0,-1.94597983554221
NM_023440,0.07465802060806,0,0,0,0,0,1,0,1,0,0,0,0,0,0,0,0,1,0,0.07465802060806
NM_023580,1.19100691289965,0,0,0,0,0,0,1,1,0,0,0,0,0,0,0,0,1,0,1.19100691289965
NM_024124,-0.761392546452317,0,0,0,0,0,1,0,1,0,0,0,0,0,0,0,0,1,0,-0.761392546452317
NM_024225,2.32190487663425,0,0,0,0,0,1,0,1,0,0,0,0,0,0,0,0,1,0,2.32190487663425
NM_024233,1.18239621406755,0,0,0,0,0,1,0,1,0,0,0,0,0,0,0,0,1,0,1.18239621406755
NM_024249,-1.72483047646967,0,0,0,0,0,1,0,1,0,0,0,0,0,0,0,0,1,0,-1.72483047646967
NM_024261,-0.04022124350235,0,0,0,0,0,1,0,1,0,0,0,0,0,0,0,0,1,0,-0.04022124350235
NM_024263,-1.49120599674606,0,0,1,0,0,0,0,1,0,0,0,0,0,0,0,0,1,0,-1.49120599674606
NM_024264,-1.51804319003396,0,0,0,0,0,1,0,1,0,0,0,0,0,0,0,0,1,0,-1.51804319003396
NM_024281,-3.45758119708822,0,0,0,0,0,0,1,1,0,0,0,0,0,0,0,0,1,0,-3.45758119708822
NM_024436,-0.120022806237734,0,0,0,0,0,0,1,1,0,0,0,0,0,0,0,0,1,0,-0.120022806237734
NM_024456,2.08417168269426,0,0,0,0,0,1,0,1,0,0,0,0,0,0,0,0,1,0,2.08417168269426
NM_025272,-0.57787199586315,0,0,0,0,0,1,0,1,0,0,0,0,0,0,0,0,1,0,-0.57787199586315
NM_025360,1.47454183678788,0,0,0,0,0,1,0,1,0,0,0,0,0,0,0,0,1,0,1.47454183678788
NM_025378,-3.0679179201314,0,0,0,0,0,0,1,1,0,0,0,0,0,0,0,0,1,0,-3.0679179201314
NM_025384,2.08376389203731,0,0,0,0,0,1,0,1,0,0,0,0,0,0,0,0,1,0,2.08376389203731
NM_025422,0.907882154300202,0,0,0,0,0,1,0,1,0,0,0,0,0,0,0,0,1,0,0.907882154300202
NM_025437,0.957715400505828,0,0,0,0,0,1,0,1,0,0,0,0,0,0,0,0,1,0,0.957715400505828
NM_025569,-0.803696658497495,0,0,0,0,0,1,0,1,0,0,0,0,0,0,0,0,1,0,-0.803696658497495
NM_025570,-3.49190816044718,0,0,0,0,0,1,0,1,0,0,0,0,0,0,0,0,1,0,-3.49190816044718
NM_025610,0.022790509094519,0,0,0,0,0,1,0,1,0,0,0,0,0,0,0,0,1,0,0.022790509094519
NM_025641,-0.380588169159978,0,0,1,0,0,0,0,1,0,0,0,0,0,0,0,0,1,0,-0.380588169159978
NM_025657,1.05850882501132,0,0,0,0,0,1,0,1,0,0,0,0,0,0,0,0,1,0,1.05850882501132
NM_025662,-2.75893280978037,0,0,0,0,0,0,1,1,0,0,0,0,0,0,0,0,1,0,-2.75893280978037
NM_025697,-2.33979439672919,0,0,0,0,0,1,0,1,0,0,0,0,0,0,0,0,1,0,-2.33979439672919
NM_025730,1.22104128577428,0,0,0,0,0,0,1,1,0,0,0,0,0,0,0,0,1,0,1.22104128577428
NM_025817,-1.3741332944293,0,0,0,0,0,1,0,1,0,0,0,0,0,0,0,0,1,0,-1.3741332944293
NM_025858,0.10866511602328,0,0,0,0,0,1,0,1,0,0,0,0,0,0,0,0,1,0,0.10866511602328
NM_025892,1.43990817820386,0,0,0,0,0,1,0,1,0,0,0,0,0,0,0,0,1,0,1.43990817820386
NM_025921,0.006217357404889,0,0,0,0,0,1,0,1,0,0,0,0,0,0,0,0,1,0,0.006217357404889
NM_025926,0.969456167965113,0,0,0,0,0,0,1,1,0,0,0,0,0,0,0,0,1,0,0.969456167965113
NM_025942,0.863825160809542,0,0,0,0,0,1,0,1,0,0,0,0,0,0,0,0,1,0,0.863825160809542
NM_025978,-0.336179663780096,0,0,0,0,0,0,1,1,0,0,0,0,0,0,0,0,1,0,-0.336179663780096
NM_025982,-1.93756616890604,0,0,0,0,0,0,1,1,0,0,0,0,0,0,0,0,1,0,-1.93756616890604
NM_026010,-0.724074229417315,0,0,0,0,0,1,0,1,0,0,0,0,0,0,0,0,1,0,-0.724074229417315
NM_026033,-1.00787146920183,0,0,0,0,0,0,1,1,0,0,0,0,0,0,0,0,1,0,-1.00787146920183
NM_026042,1.96290132680468,0,0,0,0,0,1,0,1,0,0,0,0,0,0,0,0,1,0,1.96290132680468
NM_026062,1.41204923348058,0,0,0,0,0,1,0,1,0,0,0,0,0,0,0,0,1,0,1.41204923348058
NM_026139,-2.53318287399271,0,0,0,0,0,1,0,1,0,0,0,0,0,0,0,0,1,0,-2.53318287399271
NM_026162,-1.06719088854748,0,0,0,0,0,1,0,1,0,0,0,0,0,0,0,0,1,0,-1.06719088854748
NM_026168,0.628363628508383,0,0,0,0,0,1,0,1,0,0,0,0,0,0,0,0,1,0,0.628363628508383
NM_026316,2.18986509046302,0,0,0,0,0,1,0,1,0,0,0,0,0,0,0,0,1,0,2.18986509046302
NM_026321,-1.65977620709535,0,0,0,0,0,1,0,1,0,0,0,0,0,0,0,0,1,0,-1.65977620709535
NM_026325,-0.211520190773677,0,0,0,0,0,1,0,1,0,0,0,0,0,0,0,0,1,0,-0.211520190773677
NM_026345,-0.696625248812098,0,0,0,0,0,1,0,1,0,0,0,0,0,0,0,0,1,0,-0.696625248812098
NM_026392,-1.04753349402045,0,0,0,0,0,1,0,1,0,0,0,0,0,0,0,0,1,0,-1.04753349402045
NM_026402,0.652853157735002,0,0,0,0,0,0,1,1,0,0,0,0,0,0,0,0,1,0,0.652853157735002
NM_026405,-0.273220956128249,0,0,0,0,0,1,0,1,0,0,0,0,0,0,0,0,1,0,-0.273220956128249
NM_026406,-0.990938458577816,0,0,0,0,0,1,0,1,0,0,0,0,0,0,0,0,1,0,-0.990938458577816
NM_026417,0.423233690421907,0,0,0,0,0,1,0,1,0,0,0,0,0,0,0,0,1,0,0.423233690421907
NM_026440,-0.48608806672723,0,0,0,0,0,0,1,1,0,0,0,0,0,0,0,0,1,0,-0.48608806672723
NM_026443,-0.661553025807446,0,0,0,0,0,1,0,1,0,0,0,0,0,0,0,0,1,0,-0.661553025807446
NM_026474,-0.897809853925144,0,0,0,0,0,1,0,1,0,0,0,0,0,0,0,0,1,0,-0.897809853925144
NM_026578,-1.04663261321106,0,0,0,0,0,0,1,1,0,0,0,0,0,0,0,0,1,0,-1.04663261321106
NM_026603,-0.806620184870669,0,0,0,0,0,0,1,1,0,0,0,0,0,0,0,0,1,0,-0.806620184870669
NM_026615,1.87727815317946,0,0,0,0,0,0,1,1,0,0,0,0,0,0,0,0,1,0,1.87727815317946
NM_026653,-0.052013411766588,0,0,0,0,0,0,1,1,0,0,0,0,0,0,0,0,1,0,-0.052013411766588
NM_026669,-2.85073155903242,0,0,1,0,0,0,0,1,0,0,0,0,0,0,0,0,1,0,-2.85073155903242
NM_026678,-2.07645955790495,0,0,0,0,0,0,1,1,0,0,0,0,0,0,0,0,1,0,-2.07645955790495
NM_026719,0.883747856028503,0,0,0,0,0,1,0,1,0,0,0,0,0,0,0,0,1,0,0.883747856028503
NM_026775,0.455239452173235,0,0,0,0,0,1,0,1,0,0,0,0,0,0,0,0,1,0,0.455239452173235
NM_026790,-0.222628493496301,0,0,0,0,0,1,0,1,0,0,0,0,0,0,0,0,1,0,-0.222628493496301
NM_026819,-2.44932820274301,0,0,1,0,0,0,0,1,0,0,0,0,0,0,0,0,1,0,-2.44932820274301
NM_026873,0.429953786840083,0,0,0,0,0,0,1,1,0,0,0,0,0,0,0,0,1,0,0.429953786840083
NM_026902,1.73840680806355,0,0,0,0,0,1,0,1,0,0,0,0,0,0,0,0,1,0,1.73840680806355
NM_026950,-1.89337702407689,0,0,0,0,0,1,0,1,0,0,0,0,0,0,0,0,1,0,-1.89337702407689
NM_027008,0.178950913043474,0,0,0,0,0,0,1,1,0,0,0,0,0,0,0,0,1,0,0.178950913043474
NM_027154,-0.809912682003733,0,0,0,0,0,1,0,1,0,0,0,0,0,0,0,0,1,0,-0.809912682003733
NM_027206,0.603161067072174,0,0,0,0,0,1,0,1,0,0,0,0,0,0,0,0,1,0,0.603161067072174
NM_027208,0.833962167663364,0,0,0,0,0,1,0,1,0,0,0,0,0,0,0,0,1,0,0.833962167663364
NM_027209,-1.05266365275192,0,0,0,0,0,1,0,1,0,0,0,0,0,0,0,0,1,0,-1.05266365275192
NM_027216,-4.61146321362083,0,0,0,0,0,0,1,1,0,0,0,0,0,0,0,0,1,0,-4.61146321362083
NM_027280,-0.819919095998154,0,0,0,0,0,1,0,1,0,0,0,0,0,0,0,0,1,0,-0.819919095998154
NM_027324,1.34268402915104,0,0,0,0,0,1,0,1,0,0,0,0,0,0,0,0,1,0,1.34268402915104
NM_027352,-1.23382245030744,0,0,1,0,0,0,0,1,0,0,0,0,0,0,0,0,1,0,-1.23382245030744
NM_027430,1.76771507459129,0,0,0,0,0,1,0,1,0,0,0,0,0,0,0,0,1,0,1.76771507459129
NM_027453,-1.06546455077524,0,0,0,0,0,0,1,1,0,0,0,0,0,0,0,0,1,0,-1.06546455077524
NM_027519,2.08749222444881,0,0,0,0,0,1,0,1,0,0,0,0,0,0,0,0,1,0,2.08749222444881
NM_027764,0.423155135231384,0,0,0,0,0,0,1,1,0,0,0,0,0,0,0,0,1,0,0.423155135231384
NM_027769,-1.87765606705085,0,0,0,0,0,1,0,1,0,0,0,0,0,0,0,0,1,0,-1.87765606705085
NM_027835,-0.590280041765686,0,0,0,0,0,1,0,1,0,0,0,0,0,0,0,0,1,0,-0.590280041765686
NM_027870,-2.59098191672148,0,0,0,0,0,1,0,1,0,0,0,0,0,0,0,0,1,0,-2.59098191672148
NM_027889,-2.15040979525435,0,0,0,0,0,0,1,1,0,0,0,0,0,0,0,0,1,0,-2.15040979525435
NM_027993,0.099290367965072,0,0,1,0,0,0,0,1,0,0,0,0,0,0,0,0,1,0,0.099290367965072
NM_028030,-1.22291531846352,0,0,0,0,0,1,0,1,0,0,0,0,0,0,0,0,1,0,-1.22291531846352
NM_028065,-2.57501440149258,0,0,1,0,0,0,0,1,0,0,0,0,0,0,0,0,1,0,-2.57501440149258
NM_028071,-2.24198329466568,0,0,0,0,0,1,0,1,0,0,0,0,0,0,0,0,1,0,-2.24198329466568
NM_028262,-0.750944673850074,0,0,0,0,0,1,0,1,0,0,0,0,0,0,0,0,1,0,-0.750944673850074
NM_028266,1.93138422004072,0,0,0,0,0,1,0,1,0,0,0,0,0,0,0,0,1,0,1.93138422004072
NM_028319,-1.65279830471191,0,0,0,0,0,1,0,1,0,0,0,0,0,0,0,0,1,0,-1.65279830471191
NM_028426,-1.20867411996988,0,0,0,0,0,0,1,1,0,0,0,0,0,0,0,0,1,0,-1.20867411996988
NM_028728,-1.44347318738182,0,0,0,0,0,1,0,1,0,0,0,0,0,0,0,0,1,0,-1.44347318738182
NM_028732,-1.88450789238708,0,0,0,0,0,1,0,1,0,0,0,0,0,0,0,0,1,0,-1.88450789238708
NM_028751,1.70325383229131,0,0,0,0,0,0,1,1,0,0,0,0,0,0,0,0,1,0,1.70325383229131
NM_028777,-2.58537568733845,0,0,0,0,0,0,1,1,0,0,0,0,0,0,0,0,1,0,-2.58537568733845
NM_028782,-1.90528512278455,0,0,1,0,0,0,0,1,0,0,0,0,0,0,0,0,1,0,-1.90528512278455
NM_028864,0.703681047410922,0,0,0,0,0,1,0,1,0,0,0,0,0,0,0,0,1,0,0.703681047410922
NM_029025,1.44171038639365,0,0,0,0,0,1,0,1,0,0,0,0,0,0,0,0,1,0,1.44171038639365
NM_029332,-0.957841170626558,0,0,0,0,0,1,0,1,0,0,0,0,0,0,0,0,1,0,-0.957841170626558
NM_029364,0.082122398035286,0,0,0,0,0,1,0,1,0,0,0,0,0,0,0,0,1,0,0.082122398035286
NM_029409,0.156866152625141,0,0,0,0,0,1,0,1,0,0,0,0,0,0,0,0,1,0,0.156866152625141
NM_029447,-1.28767630391425,0,0,0,0,0,1,0,1,0,0,0,0,0,0,0,0,1,0,-1.28767630391425
NM_029467,-1.68449474296676,0,0,0,0,0,1,0,1,0,0,0,0,0,0,0,0,1,0,-1.68449474296676
NM_029659,-1.36556590780183,0,0,0,0,0,1,0,1,0,0,0,0,0,0,0,0,1,0,-1.36556590780183
NM_029692,0.902486189760083,0,0,0,0,0,0,1,1,0,0,0,0,0,0,0,0,1,0,0.902486189760083
NM_029746,-0.344750929620612,0,0,0,0,0,0,1,1,0,0,0,0,0,0,0,0,1,0,-0.344750929620612
NM_030066,-2.48037434535122,0,0,0,0,0,1,0,1,0,0,0,0,0,0,0,0,1,0,-2.48037434535122
NM_030249,-1.07655756497001,0,0,0,0,0,1,0,1,0,0,0,0,0,0,0,0,1,0,-1.07655756497001
NM_030265,-0.588463214994633,0,0,0,0,0,1,0,1,0,0,0,0,0,0,0,0,1,0,-0.588463214994633
NM_030692,-1.03344042687507,0,0,0,0,0,1,0,1,0,0,0,0,0,0,0,0,1,0,-1.03344042687507
NM_030707,1.01847902928569,0,0,0,0,0,0,1,1,0,0,0,0,0,0,0,0,1,0,1.01847902928569
NM_030720,1.47997863303058,0,0,0,0,0,1,0,1,0,0,0,0,0,0,0,0,1,0,1.47997863303058
NM_031156,-1.37096707968472,0,0,0,0,0,1,0,1,0,0,0,0,0,0,0,0,1,0,-1.37096707968472
NM_031165,0.847744332729623,0,0,0,0,0,0,1,1,0,0,0,0,0,0,0,0,1,0,0.847744332729623
NM_031374,1.48525658843539,0,0,0,0,0,0,1,1,0,0,0,0,0,0,0,0,1,0,1.48525658843539
NM_031376,-3.12413468467178,0,0,0,0,0,1,0,1,0,0,0,0,0,0,0,0,1,0,-3.12413468467178
NM_031406,-2.13921950064455,0,0,0,0,0,1,0,1,0,0,0,0,0,0,0,0,1,0,-2.13921950064455
NM_031843,-0.853807943110548,0,0,0,0,0,1,0,1,0,0,0,0,0,0,0,0,1,0,-0.853807943110548
NM_032397,-0.880864645698354,0,0,0,0,0,1,0,1,0,0,0,0,0,0,0,0,1,0,-0.880864645698354
NM_033072,2.19957693108729,0,0,0,0,0,1,0,1,0,0,0,0,0,0,0,0,1,0,2.19957693108729
NM_033560,2.00967499281123,0,0,0,0,0,0,1,1,0,0,0,0,0,0,0,0,1,0,2.00967499281123
NM_033572,-0.339289822020542,0,0,0,0,0,1,0,1,0,0,0,0,0,0,0,0,1,0,-0.339289822020542
NM_052977,0.64011389883123,0,0,0,0,0,1,0,1,0,0,0,0,0,0,0,0,1,0,0.64011389883123
NM_052991,-2.08569711010823,0,0,1,0,0,0,0,1,0,0,0,0,0,0,0,0,1,0,-2.08569711010823
NM_052992,-2.08569711010823,0,0,1,0,0,0,0,1,0,0,0,0,0,0,0,0,1,0,-2.08569711010823
NM_053108,-0.401155485623458,0,0,0,0,0,1,0,1,0,0,0,0,0,0,0,0,1,0,-0.401155485623458
NM_053143,0.252918973571658,0,0,0,0,0,0,1,1,0,0,0,0,0,0,0,0,1,0,0.252918973571658
NM_053178,2.18224290725974,0,0,0,0,0,1,0,1,0,0,0,0,0,0,0,0,1,0,2.18224290725974
NM_053268,-2.69005611645612,0,0,1,0,0,0,0,1,0,0,0,0,0,0,0,0,1,0,-2.69005611645612
NM_054049,0.127094724271373,0,0,0,0,0,0,1,1,0,0,0,0,0,0,0,0,1,0,0.127094724271373
NM_080456,1.44568956116856,0,0,0,0,0,1,0,1,0,0,0,0,0,0,0,0,1,0,1.44568956116856
NM_080555,-0.809331080044047,0,0,0,0,0,1,0,1,0,0,0,0,0,0,0,0,1,0,-0.809331080044047
NM_080558,-1.45439899647217,0,0,0,0,0,0,1,1,0,0,0,0,0,0,0,0,1,0,-1.45439899647217
NM_080637,0.462740230955384,0,0,0,0,0,0,1,1,0,0,0,0,0,0,0,0,1,0,0.462740230955384
NM_080638,-0.411168092147556,0,0,0,0,0,1,0,1,0,0,0,0,0,0,0,0,1,0,-0.411168092147556
NM_080793,1.00330768683725,0,0,0,0,0,1,0,1,0,0,0,0,0,0,0,0,1,0,1.00330768683725
NM_080853,1.50760724535997,0,0,1,0,0,0,0,1,0,0,0,0,0,0,0,0,1,0,1.50760724535997
NM_130893,0.163055229704325,0,0,0,0,0,1,0,1,0,0,0,0,0,0,0,0,1,0,0.163055229704325
NM_133241,-2.91594699781738,0,0,1,0,0,0,0,1,0,0,0,0,0,0,0,0,1,0,-2.91594699781738
NM_133648,-0.463886918156482,0,0,0,0,0,0,1,1,0,0,0,0,0,0,0,0,1,0,-0.463886918156482
NM_133675,-2.39196731694343,0,0,0,0,0,1,0,1,0,0,0,0,0,0,0,0,1,0,-2.39196731694343
NM_133676,-2.1070086598868,0,0,1,0,0,0,0,1,0,0,0,0,0,0,0,0,1,0,-2.1070086598868
NM_133684,0.948001337715059,0,0,0,0,0,1,0,1,0,0,0,0,0,0,0,0,1,0,0.948001337715059
NM_133685,0.160334996029428,0,0,0,0,0,1,0,1,0,0,0,0,0,0,0,0,1,0,0.160334996029428
NM_133719,-0.946149666041137,0,0,0,0,0,1,0,1,0,0,0,0,0,0,0,0,1,0,-0.946149666041137
NM_133752,0.891161441229707,0,0,0,0,0,1,0,1,0,0,0,0,0,0,0,0,1,0,0.891161441229707
NM_133756,-2.35691122843424,0,0,1,0,0,0,0,1,0,0,0,0,0,0,0,0,1,0,-2.35691122843424
NM_133798,1.41222995689794,0,0,0,0,0,0,1,1,0,0,0,0,0,0,0,0,1,0,1.41222995689794
NM_133809,-1.67649716875976,0,0,0,0,0,0,1,1,0,0,0,0,0,0,0,0,1,0,-1.67649716875976
NM_133823,1.43580719291483,0,0,0,0,0,1,0,1,0,0,0,0,0,0,0,0,1,0,1.43580719291483
NM_133949,1.03752294076706,0,0,0,0,0,1,0,1,0,0,0,0,0,0,0,0,1,0,1.03752294076706
NM_133977,-2.85718721332204,0,0,1,0,0,0,0,1,0,0,0,0,0,0,0,0,1,0,-2.85718721332204
NM_134076,-1.45973514903332,0,0,0,0,0,1,0,1,0,0,0,0,0,0,0,0,1,0,-1.45973514903332
NM_134114,1.35482751814449,0,0,0,0,0,1,0,1,0,0,0,0,0,0,0,0,1,0,1.35482751814449
NM_134116,0.213168657524845,0,0,0,0,0,1,0,1,0,0,0,0,0,0,0,0,1,0,0.213168657524845
NM_138651,-1.44597974866261,0,0,0,0,0,1,0,1,0,0,0,0,0,0,0,0,1,0,-1.44597974866261
NM_138665,0.67069761385545,0,0,0,0,0,1,0,1,0,0,0,0,0,0,0,0,1,0,0.67069761385545
NM_138677,-1.95076964299458,0,0,0,0,0,1,0,1,0,0,0,0,0,0,0,0,1,0,-1.95076964299458
NM_138757,-2.58134936277208,0,0,0,0,0,1,0,1,0,0,0,0,0,0,0,0,1,0,-2.58134936277208
NM_139148,-1.04315196671482,0,0,0,0,0,1,0,1,0,0,0,0,0,0,0,0,1,0,-1.04315196671482
NM_139307,-0.982078132697572,0,0,0,0,0,1,0,1,0,0,0,0,0,0,0,0,1,0,-0.982078132697572
NM_144520,-1.47492036631276,0,0,0,0,0,0,1,1,0,0,0,0,0,0,0,0,1,0,-1.47492036631276
NM_144850,-2.07030157169087,0,0,0,0,0,1,0,1,0,0,0,0,0,0,0,0,1,0,-2.07030157169087
NM_144875,-0.653668481330405,0,0,0,0,0,1,0,1,0,0,0,0,0,0,0,0,1,0,-0.653668481330405
NM_144886,0.95030255998338,0,0,0,0,0,0,1,1,0,0,0,0,0,0,0,0,1,0,0.95030255998338
NM_144899,-2.23149993621112,0,0,0,0,0,1,0,1,0,0,0,0,0,0,0,0,1,0,-2.23149993621112
NM_144904,-0.377952440779756,0,0,0,0,0,1,0,1,0,0,0,0,0,0,0,0,1,0,-0.377952440779756
NM_144906,1.44501969407257,0,0,0,0,0,1,0,1,0,0,0,0,0,0,0,0,1,0,1.44501969407257
NM_144908,-0.966743239162318,0,0,0,0,0,0,1,1,0,0,0,0,0,0,0,0,1,0,-0.966743239162318
NM_144910,-0.91216632201987,0,0,0,0,0,0,1,1,0,0,0,0,0,0,0,0,1,0,-0.91216632201987
NM_144923,-2.99531458413177,0,0,0,0,0,1,0,1,0,0,0,0,0,0,0,0,1,0,-2.99531458413177
NM_145220,-1.71276651999181,0,0,0,0,0,0,1,1,0,0,0,0,0,0,0,0,1,0,-1.71276651999181
NM_145398,2.16491010953009,0,0,0,0,0,0,1,1,0,0,0,0,0,0,0,0,1,0,2.16491010953009
NM_145400,-2.52821802557693,0,0,0,0,0,1,0,1,0,0,0,0,0,0,0,0,1,0,-2.52821802557693
NM_145420,-2.27221579859582,0,0,0,0,0,1,0,1,0,0,0,0,0,0,0,0,1,0,-2.27221579859582
NM_145522,-0.216582776616313,0,0,0,0,0,1,0,1,0,0,0,0,0,0,0,0,1,0,-0.216582776616313
NM_145550,-2.31203390983114,0,0,0,0,0,0,1,1,0,0,0,0,0,0,0,0,1,0,-2.31203390983114
NM_145571,-1.55622564188703,0,0,0,0,0,1,0,1,0,0,0,0,0,0,0,0,1,0,-1.55622564188703
NM_145588,-1.69439768568652,0,0,0,0,0,1,0,1,0,0,0,0,0,0,0,0,1,0,-1.69439768568652
NM_145599,-1.30743255270926,0,0,0,0,0,1,0,1,0,0,0,0,0,0,0,0,1,0,-1.30743255270926
NM_145614,-0.827928876065483,0,0,0,0,0,1,0,1,0,0,0,0,0,0,0,0,1,0,-0.827928876065483
NM_145619,0.787161133246015,0,0,0,0,0,1,0,1,0,0,0,0,0,0,0,0,1,0,0.787161133246015
NM_145838,-1.06220340517759,0,0,0,0,0,1,0,1,0,0,0,0,0,0,0,0,1,0,-1.06220340517759
NM_145942,2.10810973134647,0,0,1,0,0,0,0,1,0,0,0,0,0,0,0,0,1,0,2.10810973134647
NM_145967,-2.46538167229106,0,0,0,0,0,1,0,1,0,0,0,0,0,0,0,0,1,0,-2.46538167229106
NM_146068,-2.0789148621467,0,0,0,0,0,1,0,1,0,0,0,0,0,0,0,0,1,0,-2.0789148621467
NM_146069,1.14254760515273,0,0,0,0,0,1,0,1,0,0,0,0,0,0,0,0,1,0,1.14254760515273
NM_146094,1.83178338593069,0,0,0,0,0,1,0,1,0,0,0,0,0,0,0,0,1,0,1.83178338593069
NM_146120,1.41563246466494,0,0,0,0,0,1,0,1,0,0,0,0,0,0,0,0,1,0,1.41563246466494
NM_146131,0.469244181893137,0,0,0,0,0,1,0,1,0,0,0,0,0,0,0,0,1,0,0.469244181893137
NM_146141,-2.37082407765124,0,0,0,0,0,1,0,1,0,0,0,0,0,0,0,0,1,0,-2.37082407765124
NM_146162,-2.60823188648652,0,0,0,0,0,1,0,1,0,0,0,0,0,0,0,0,1,0,-2.60823188648652
NM_146218,-1.62888669467147,0,0,0,0,0,0,1,1,0,0,0,0,0,0,0,0,1,0,-1.62888669467147
NM_146226,-0.329694299294043,0,0,0,0,0,0,1,1,0,0,0,0,0,0,0,0,1,0,-0.329694299294043
NM_146229,-0.12000428986943,0,0,0,0,0,1,0,1,0,0,0,0,0,0,0,0,1,0,-0.12000428986943
NM_147220,1.87336442360714,0,0,0,0,0,1,0,1,0,0,0,0,0,0,0,0,1,0,1.87336442360714
NM_147779,1.00206954800359,0,0,0,0,0,0,1,1,0,0,0,0,0,0,0,0,1,0,1.00206954800359
NM_153122,-1.39171939545919,0,0,0,0,0,1,0,1,0,0,0,0,0,0,0,0,1,0,-1.39171939545919
NM_153142,0.171593156600113,0,0,0,0,0,1,0,1,0,0,0,0,0,0,0,0,1,0,0.171593156600113
NM_153513,0.326149651655888,0,0,0,0,0,1,0,1,0,0,0,0,0,0,0,0,1,0,0.326149651655888
NM_153543,0.583763425247617,0,0,0,0,0,1,0,1,0,0,0,0,0,0,0,0,1,0,0.583763425247617
NM_153561,1.21571763838629,0,0,0,0,0,1,0,1,0,0,0,0,0,0,0,0,1,0,1.21571763838629
NM_153578,-1.44894322417069,0,0,0,0,0,1,0,1,0,0,0,0,0,0,0,0,1,0,-1.44894322417069
NM_153793,-1.32720812467223,0,0,0,0,0,1,0,1,0,0,0,0,0,0,0,0,1,0,-1.32720812467223
NM_170756,-0.571668443207699,0,0,1,0,0,0,0,1,0,0,0,0,0,0,0,0,1,0,-0.571668443207699
NM_172145,1.89679099055065,0,0,0,0,0,1,0,1,0,0,0,0,0,0,0,0,1,0,1.89679099055065
NM_172267,-0.116419771775864,0,0,0,0,0,1,0,1,0,0,0,0,0,0,0,0,1,0,-0.116419771775864
NM_172271,-0.099328839349591,0,0,0,0,0,1,0,1,0,0,0,0,0,0,0,0,1,0,-0.099328839349591
NM_172409,0.980700157759202,0,0,0,0,0,1,0,1,0,0,0,0,0,0,0,0,1,0,0.980700157759202
NM_172436,-0.402807588506902,0,0,0,0,0,1,0,1,0,0,0,0,0,0,0,0,1,0,-0.402807588506902
NM_172447,1.479865106735,0,0,0,0,0,1,0,1,0,0,0,0,0,0,0,0,1,0,1.479865106735
NM_172492,-1.18357256790335,0,0,1,0,0,0,0,1,0,0,0,0,0,0,0,0,1,0,-1.18357256790335
NM_172507,1.49695958299703,0,0,0,0,0,1,0,1,0,0,0,0,0,0,0,0,1,0,1.49695958299703
NM_172520,0.303950963073886,0,0,0,0,0,1,0,1,0,0,0,0,0,0,0,0,1,0,0.303950963073886
NM_172532,0.814786677389509,0,0,0,0,0,1,0,1,0,0,0,0,0,0,0,0,1,0,0.814786677389509
NM_172563,-0.474015241173277,0,0,0,0,0,1,0,1,0,0,0,0,0,0,0,0,1,0,-0.474015241173277
NM_172694,-0.093040344788426,0,0,0,0,0,1,0,1,0,0,0,0,0,0,0,0,1,0,-0.093040344788426
NM_172767,-3.44323594940409,0,0,0,0,0,1,0,1,0,0,0,0,0,0,0,0,1,0,-3.44323594940409
NM_172772,0.320918467124202,0,0,0,0,0,1,0,1,0,0,0,0,0,0,0,0,1,0,0.320918467124202
NM_172775,-0.093226410673464,0,0,0,0,0,1,0,1,0,0,0,0,0,0,0,0,1,0,-0.093226410673464
NM_172893,-1.72842296265952,0,0,0,0,0,1,0,1,0,0,0,0,0,0,0,0,1,0,-1.72842296265952
NM_172919,-1.5564089059867,0,0,0,0,0,1,0,1,0,0,0,0,0,0,0,0,1,0,-1.5564089059867
NM_172943,-1.83344199989243,0,0,0,0,0,0,1,1,0,0,0,0,0,0,0,0,1,0,-1.83344199989243
NM_172946,1.29789549261171,0,0,0,0,0,1,0,1,0,0,0,0,0,0,0,0,1,0,1.29789549261171
NM_172974,1.90284458187157,0,0,0,0,0,0,1,1,0,0,0,0,0,0,0,0,1,0,1.90284458187157
NM_173014,-2.36769952684656,0,0,0,0,0,1,0,1,0,0,0,0,0,0,0,0,1,0,-2.36769952684656
NM_173781,2.29664487762868,0,0,0,0,0,1,0,1,0,0,0,0,0,0,0,0,1,0,2.29664487762868
NM_175174,-1.5318599652203,0,0,0,0,0,0,1,1,0,0,0,0,0,0,0,0,1,0,-1.5318599652203
NM_175217,-1.80883139567613,0,0,0,0,0,1,0,1,0,0,0,0,0,0,0,0,1,0,-1.80883139567613
NM_175275,-1.9204628316662,0,0,0,0,0,0,1,1,0,0,0,0,0,0,0,0,1,0,-1.9204628316662
NM_175316,-0.842804119053928,0,0,0,0,0,1,0,1,0,0,0,0,0,0,0,0,1,0,-0.842804119053928
NM_175369,0.974797400228246,0,0,0,0,0,1,0,1,0,0,0,0,0,0,0,0,1,0,0.974797400228246
NM_175386,-1.6786733296434,0,0,0,0,0,1,0,1,0,0,0,0,0,0,0,0,1,0,-1.6786733296434
NM_175465,0.848440382928482,0,0,0,0,0,1,0,1,0,0,0,0,0,0,0,0,1,0,0.848440382928482
NM_176842,1.94723430498719,0,0,0,0,0,0,1,1,0,0,0,0,0,0,0,0,1,0,1.94723430498719
NM_177171,1.49673069421444,0,0,0,0,0,1,0,1,0,0,0,0,0,0,0,0,1,0,1.49673069421444
NM_177305,-2.22418906741472,0,0,0,0,0,0,1,1,0,0,0,0,0,0,0,0,1,0,-2.22418906741472
NM_177429,-Inf,0,0,1,0,0,0,0,1,0,0,0,0,0,0,0,0,1,1,-Inf
NM_177461,-0.542475176687846,0,0,0,0,0,1,0,1,0,0,0,0,0,0,0,0,1,0,-0.542475176687846
NM_177586,0.457399310234431,0,0,0,0,0,1,0,1,0,0,0,0,0,0,0,0,1,0,0.457399310234431
NM_177592,-0.546376240426607,0,0,0,0,0,1,0,1,0,0,0,0,0,0,0,0,1,0,-0.546376240426607
NM_177662,-1.09602396080637,0,0,0,0,0,1,0,1,0,0,0,0,0,0,0,0,1,0,-1.09602396080637
NM_177680,0.361351086167052,0,0,0,0,0,0,1,1,0,0,0,0,0,0,0,0,1,0,0.361351086167052
NM_177715,1.56108480282578,0,0,0,0,0,1,0,1,0,0,0,0,0,0,0,0,1,0,1.56108480282578
NM_178256,-1.2745723385482,0,0,0,0,0,1,0,1,0,0,0,0,0,0,0,0,1,0,-1.2745723385482
NM_178600,-0.016215804592967,0,0,0,0,0,1,0,1,0,0,0,0,0,0,0,0,1,0,-0.016215804592967
NM_178626,-0.661500001154793,0,0,0,0,0,1,0,1,0,0,0,0,0,0,0,0,1,0,-0.661500001154793
NM_178662,-0.376061327494949,0,0,0,0,0,0,1,1,0,0,0,0,0,0,0,0,1,0,-0.376061327494949
NM_178665,0.932596776712125,0,0,0,0,0,1,0,1,0,0,0,0,0,0,0,0,1,0,0.932596776712125
NM_178685,-1.53598318114693,0,0,0,0,0,0,1,1,0,0,0,0,0,0,0,0,1,0,-1.53598318114693
NM_178721,-1.35041145048054,0,0,0,0,0,1,0,1,0,0,0,0,0,0,0,0,1,0,-1.35041145048054
NM_178883,-1.12715981220288,0,0,0,0,0,1,0,1,0,0,0,0,0,0,0,0,1,0,-1.12715981220288
NM_178891,-2.18440992321091,0,0,0,0,0,1,0,1,0,0,0,0,0,0,0,0,1,0,-2.18440992321091
NM_178907,0.16370204467736,0,0,0,0,0,1,0,1,0,0,0,0,0,0,0,0,1,0,0.16370204467736
NM_181040,-2.00404420241158,0,0,0,0,0,1,0,1,0,0,0,0,0,0,0,0,1,0,-2.00404420241158
NM_181404,0.67683489101819,0,0,0,0,0,1,0,1,0,0,0,0,0,0,0,0,1,0,0.67683489101819
NM_182716,-1.49348433807905,0,0,1,0,0,0,0,1,0,0,0,0,0,0,0,0,1,0,-1.49348433807905
NM_182995,-1.77079423771078,0,0,0,0,0,1,0,1,0,0,0,0,0,0,0,0,1,0,-1.77079423771078
NM_183148,1.85222849552439,0,0,0,0,0,1,0,1,0,0,0,0,0,0,0,0,1,0,1.85222849552439
NM_183187,-2.22309138998495,0,0,1,0,0,0,0,1,0,0,0,0,0,0,0,0,1,0,-2.22309138998495
NM_194321,-2.08569711010823,0,0,1,0,0,0,0,1,0,0,0,0,0,0,0,0,1,0,-2.08569711010823
NM_198246,0.883423039336754,0,0,0,0,0,1,0,1,0,0,0,0,0,0,0,0,1,0,0.883423039336754
NM_198608,-0.423689161652878,0,0,0,0,0,1,0,1,0,0,0,0,0,0,0,0,1,0,-0.423689161652878
NM_198615,-1.46732071951827,0,0,0,0,0,1,0,1,0,0,0,0,0,0,0,0,1,0,-1.46732071951827
NM_199008,1.52954545161783,0,0,0,0,0,1,0,1,0,0,0,0,0,0,0,0,1,0,1.52954545161783
NM_199022,1.47861218684034,0,0,0,0,0,1,0,1,0,0,0,0,0,0,0,0,1,0,1.47861218684034
NM_199065,-1.43878851049676,0,0,0,0,0,1,0,1,0,0,0,0,0,0,0,0,1,0,-1.43878851049676
NM_199146,0.986034619740051,0,0,0,0,0,1,0,1,0,0,0,0,0,0,0,0,1,0,0.986034619740051
NM_201359,0.114938275877474,0,0,0,0,0,0,1,1,0,0,0,0,0,0,0,0,1,0,0.114938275877474
NM_205820,1.27575507138911,0,0,0,0,0,1,0,1,0,0,0,0,0,0,0,0,1,0,1.27575507138911
NM_207237,-1.40311462466403,0,0,0,0,0,1,0,1,0,0,0,0,0,0,0,0,1,0,-1.40311462466403
NM_207246,-1.31007331683625,0,0,0,0,0,1,0,1,0,0,0,0,0,0,0,0,1,0,-1.31007331683625
NM_212445,1.03362932543014,0,0,0,0,0,1,0,1,0,0,0,0,0,0,0,0,1,0,1.03362932543014
NR_003633,2.10101987616779,0,0,0,0,0,1,0,1,0,0,0,0,0,0,0,0,1,0,2.10101987616779
NR_024329,-0.300654983386357,0,0,0,0,0,1,0,1,0,0,0,0,0,0,0,0,1,0,-0.300654983386357
NR_027343,-0.792858440729568,0,0,1,0,0,0,0,1,0,0,0,0,0,0,0,0,1,0,-0.792858440729568
XM_001001884,1.99024120941697,0,0,0,0,0,1,0,1,0,0,0,0,0,0,0,0,1,0,1.99024120941697
XM_001481096,1.08617726646308,0,0,0,0,0,1,0,1,0,0,0,0,0,0,0,0,1,0,1.08617726646308
XR_005134,-1.46243339275297,0,0,0,0,0,1,0,1,0,0,0,0,0,0,0,0,1,0,-1.46243339275297
NM_018866,-0.024464343552794,0,0,0,0,0,0,0,0,0,1,1,2,0,0,0,0,1,0,-0.024464343552794
NM_033648,2.95014739356353,0,0,0,0,0,0,0,0,0,1,1,2,0,0,0,0,1,0,2.95014739356353
NM_001001983,0.489087546994857,0,0,0,0,0,0,0,0,0,0,1,1,0,0,0,0,1,0,0.489087546994857
NM_001013745,0.031158165154367,0,0,0,0,0,0,0,0,0,0,1,1,0,0,0,0,1,0,0.031158165154367
NM_001017393,2.33779184999055,0,0,0,0,0,0,0,0,0,1,0,1,0,0,0,0,1,0,2.33779184999055
NM_001025307,-1.00363179270911,0,0,0,0,0,0,0,0,0,0,1,1,0,0,0,0,1,0,-1.00363179270911
NM_001029873,1.27898749818801,0,0,0,0,0,0,0,0,0,0,1,1,0,0,0,0,1,0,1.27898749818801
NM_001034030,-0.64828350721411,0,0,0,0,0,0,0,0,0,0,1,1,0,0,0,0,1,0,-0.64828350721411
NM_001037722,-2.17917748419677,0,0,0,0,0,0,0,0,0,0,1,1,0,0,0,0,1,0,-2.17917748419677
NM_001037759,-1.97413569840981,0,0,0,0,0,0,0,0,0,0,1,1,0,0,0,0,1,0,-1.97413569840981
NM_001038612,1.35351147677563,0,0,0,0,0,0,0,0,0,0,1,1,0,0,0,0,1,0,1.35351147677563
NM_001038663,0.51043813367389,0,0,0,0,0,0,0,0,0,0,1,1,0,0,0,0,1,0,0.51043813367389
NM_001039181,1.96657056286111,0,0,0,0,0,0,0,0,0,0,1,1,0,0,0,0,1,0,1.96657056286111
NM_001039390,0.487737703673358,0,0,0,0,0,0,0,0,0,0,1,1,0,0,0,0,1,0,0.487737703673358
NM_001040631,-4.16252559556338,0,0,0,0,0,0,0,0,0,0,1,1,0,0,0,0,1,0,-4.16252559556338
NM_001042673,2.81014233290213,0,0,0,0,0,0,0,0,0,1,0,1,0,0,0,0,1,0,2.81014233290213
NM_001045959,2.44023182640815,0,0,0,0,0,0,0,0,0,0,1,1,0,0,0,0,1,0,2.44023182640815
NM_001048139,1.22596995808521,0,0,0,0,0,0,0,0,0,0,1,1,0,0,0,0,1,0,1.22596995808521
NM_001077361,2.85091713015064,0,0,0,0,0,0,0,0,0,0,1,1,0,0,0,0,1,0,2.85091713015064
NM_001077633,1.73135450036489,0,0,0,0,0,0,0,0,0,1,0,1,0,0,0,0,1,0,1.73135450036489
NM_001080746,-0.077798282430912,0,0,0,0,0,0,0,0,0,0,1,1,0,0,0,0,1,0,-0.077798282430912
NM_001081144,1.40092701753834,0,0,0,0,0,0,0,0,0,0,1,1,0,0,0,0,1,0,1.40092701753834
NM_001081256,-1.67246385623527,0,0,0,0,0,0,0,0,0,0,1,1,0,0,0,0,1,0,-1.67246385623527
NM_001083918,-2.89008160885936,0,0,0,0,0,0,0,0,0,1,0,1,0,0,0,0,1,0,-2.89008160885936
NM_001099644,0.81615797420587,0,0,0,0,0,0,0,0,0,1,0,1,0,0,0,0,1,0,0.81615797420587
NM_001109975,1.60125402794678,0,0,0,0,0,0,0,0,0,0,1,1,0,0,0,0,1,0,1.60125402794678
NM_001111314,0.584112652527215,0,0,0,0,0,0,0,0,0,0,1,1,0,0,0,0,1,0,0.584112652527215
NM_001111331,-0.053342122852374,0,0,0,0,0,0,0,0,0,0,1,1,0,0,0,0,1,0,-0.053342122852374
NM_001113208,0.141619717131158,0,0,0,0,0,0,0,0,0,0,1,1,0,0,0,0,1,0,0.141619717131158
NM_001113325,-1.10485875906661,0,0,0,0,0,0,0,0,0,0,1,1,0,0,0,0,1,0,-1.10485875906661
NM_001122758,-1.61244356857236,0,0,0,0,0,0,0,0,0,0,1,1,0,0,0,0,1,0,-1.61244356857236
NM_001122949,2.16569417015006,0,0,0,0,0,0,0,0,0,0,1,1,0,0,0,0,1,0,2.16569417015006
NM_001128599,2.89450070619538,0,0,0,0,0,0,0,0,0,0,1,1,0,0,0,0,1,0,2.89450070619538
NM_001130477,0.932897470634347,0,0,0,0,0,0,0,0,0,1,0,1,0,0,0,0,1,0,0.932897470634347
NM_001136078,1.1908471957448,0,0,0,0,0,0,0,0,0,0,1,1,0,0,0,0,1,0,1.1908471957448
NM_001142655,-0.090826004786053,0,0,0,0,0,0,0,0,0,0,1,1,0,0,0,0,1,0,-0.090826004786053
NM_001142937,1.82990692121127,0,0,0,0,0,0,0,0,0,0,1,1,0,0,0,0,1,0,1.82990692121127
NM_007542,1.33820825002564,0,0,0,0,0,0,0,0,0,0,1,1,0,0,0,0,1,0,1.33820825002564
NM_007661,0.647441457839092,0,0,0,0,0,0,0,0,0,0,1,1,0,0,0,0,1,0,0.647441457839092
NM_007921,1.16725936132031,0,0,0,0,0,0,0,0,0,0,1,1,0,0,0,0,1,0,1.16725936132031
NM_007930,1.48782868069713,0,0,0,0,0,0,0,0,0,0,1,1,0,0,0,0,1,0,1.48782868069713
NM_008070,1.2846073067694,0,0,0,0,0,0,0,0,0,0,1,1,0,0,0,0,1,0,1.2846073067694
NM_008072,1.66383088666227,0,0,0,0,0,0,0,0,0,0,1,1,0,0,0,0,1,0,1.66383088666227
NM_008090,1.89500571174576,0,0,0,0,0,0,0,0,0,0,1,1,0,0,0,0,1,0,1.89500571174576
NM_008170,-0.32838046973974,0,0,0,0,0,0,0,0,0,0,1,1,0,0,0,0,1,0,-0.32838046973974
NM_008420,1.80464653024551,0,0,0,0,0,0,0,0,0,0,1,1,0,0,0,0,1,0,1.80464653024551
NM_008580,2.5014326824375,0,0,0,0,0,0,0,0,0,0,1,1,0,0,0,0,1,0,2.5014326824375
NM_008675,-3.91502206158707,0,0,0,0,0,0,0,0,0,0,1,1,0,0,0,0,1,0,-3.91502206158707
NM_008702,-1.39496947398341,0,0,0,0,0,0,0,0,0,0,1,1,0,0,0,0,1,0,-1.39496947398341
NM_008902,-1.0153918537201,0,0,0,0,0,0,0,0,0,0,1,1,0,0,0,0,1,0,-1.0153918537201
NM_009027,-0.273490564544822,0,0,0,0,0,0,0,0,0,0,1,1,0,0,0,0,1,0,-0.273490564544822
NM_009072,1.75084294948702,0,0,0,0,0,0,0,0,0,0,1,1,0,0,0,0,1,0,1.75084294948702
NM_009357,-2.44394716162701,0,0,0,0,0,0,0,0,0,0,1,1,0,0,0,0,1,0,-2.44394716162701
NM_009392,1.01315776354762,0,0,0,0,0,0,0,0,0,0,1,1,0,0,0,0,1,0,1.01315776354762
NM_009459,-3.5949675100711,0,0,0,0,0,0,0,0,0,0,1,1,0,0,0,0,1,0,-3.5949675100711
NM_009554,2.20620456456741,0,0,0,0,0,0,0,0,0,1,0,1,0,0,0,0,1,0,2.20620456456741
NM_009620,-1.7677730140819,0,0,0,0,0,0,0,0,0,0,1,1,0,0,0,0,1,0,-1.7677730140819
NM_009755,-1.59025024586382,0,0,0,0,0,0,0,0,0,0,1,1,0,0,0,0,1,0,-1.59025024586382
NM_009889,1.70907047106518,0,0,0,0,0,0,0,0,0,0,1,1,0,0,0,0,1,0,1.70907047106518
NM_010102,3.25083051471817,0,0,0,0,0,0,0,0,0,0,1,1,0,0,0,0,1,0,3.25083051471817
NM_010123,2.0225288859919,0,0,0,0,0,0,0,0,0,0,1,1,0,0,0,0,1,0,2.0225288859919
NM_010158,-1.13243072211586,0,0,0,0,0,0,0,0,0,0,1,1,0,0,0,0,1,0,-1.13243072211586
NM_010208,2.26119534076223,0,0,0,0,0,0,0,0,0,0,1,1,0,0,0,0,1,0,2.26119534076223
NM_010500,-0.543905872517576,0,0,0,0,0,0,0,0,0,0,1,1,0,0,0,0,1,0,-0.543905872517576
NM_011035,1.71763985905428,0,0,0,0,0,0,0,0,0,0,1,1,0,0,0,0,1,0,1.71763985905428
NM_011217,0.27230573619665,0,0,0,0,0,0,0,0,0,1,0,1,0,0,0,0,1,0,0.27230573619665
NM_011246,0.241797971922538,0,0,0,0,0,0,0,0,0,0,1,1,0,0,0,0,1,0,0.241797971922538
NM_011261,-0.799543657158887,0,0,0,0,0,0,0,0,0,0,1,1,0,0,0,0,1,0,-0.799543657158887
NM_011262,-1.09320199530099,0,0,0,0,0,0,0,0,0,0,1,1,0,0,0,0,1,0,-1.09320199530099
NM_011268,1.4891999222211,0,0,0,0,0,0,0,0,0,1,0,1,0,0,0,0,1,0,1.4891999222211
NM_011351,3.00581110473982,0,0,0,0,0,0,0,0,0,0,1,1,0,0,0,0,1,0,3.00581110473982
NM_011366,-2.42053918957241,0,0,0,0,0,0,0,0,0,0,1,1,0,0,0,0,1,0,-2.42053918957241
NM_011412,-0.141108084038624,0,0,0,0,0,0,0,0,0,0,1,1,0,0,0,0,1,0,-0.141108084038624
NM_011419,1.04941294485784,0,0,0,0,0,0,0,0,0,1,0,1,0,0,0,0,1,0,1.04941294485784
NM_011495,-2.18682166176153,0,0,0,0,0,0,0,0,0,0,1,1,0,0,0,0,1,0,-2.18682166176153
NM_011639,0.688104388028539,0,0,0,0,0,0,0,0,0,0,1,1,0,0,0,0,1,0,0.688104388028539
NM_011749,2.68339018279927,0,0,0,0,0,0,0,0,0,1,0,1,0,0,0,0,1,0,2.68339018279927
NM_011774,1.08624137415313,0,0,0,0,0,0,0,0,0,0,1,1,0,0,0,0,1,0,1.08624137415313
NM_011775,-1.54024698027607,0,0,0,0,0,0,0,0,0,0,1,1,0,0,0,0,1,0,-1.54024698027607
NM_011780,1.00479403930321,0,0,0,0,0,0,0,0,0,0,1,1,0,0,0,0,1,0,1.00479403930321
NM_011789,-2.7640219165949,0,0,0,0,0,0,0,0,0,0,1,1,0,0,0,0,1,0,-2.7640219165949
NM_011952,-2.63705928629998,0,0,0,0,0,0,0,0,0,0,1,1,0,0,0,0,1,0,-2.63705928629998
NM_011982,2.60858311630443,0,0,0,0,0,0,0,0,0,0,1,1,0,0,0,0,1,0,2.60858311630443
NM_011991,2.22968176550565,0,0,0,0,0,0,0,0,0,0,1,1,0,0,0,0,1,0,2.22968176550565
NM_013692,-0.480670573918553,0,0,0,0,0,0,0,0,0,0,1,1,0,0,0,0,1,0,-0.480670573918553
NM_013770,-3.08843058349548,0,0,0,0,0,0,0,0,0,0,1,1,0,0,0,0,1,0,-3.08843058349548
NM_013772,1.72655070154377,0,0,0,0,0,0,0,0,0,1,0,1,0,0,0,0,1,0,1.72655070154377
NM_013814,0.323139819966334,0,0,0,0,0,0,0,0,0,0,1,1,0,0,0,0,1,0,0.323139819966334
NM_013904,-0.647077889600439,0,0,0,0,0,0,0,0,0,0,1,1,0,0,0,0,1,0,-0.647077889600439
NM_013912,0.196811466165818,0,0,0,0,0,0,0,0,0,1,0,1,0,0,0,0,1,0,0.196811466165818
NM_015806,0.939620672435988,0,0,0,0,0,0,0,0,0,0,1,1,0,0,0,0,1,0,0.939620672435988
NM_016681,-3.39113902500404,0,0,0,0,0,0,0,0,0,0,1,1,0,0,0,0,1,0,-3.39113902500404
NM_016747,-2.01409174999479,0,0,0,0,0,0,0,0,0,0,1,1,0,0,0,0,1,0,-2.01409174999479
NM_016899,-1.46589173174322,0,0,0,0,0,0,0,0,0,0,1,1,0,0,0,0,1,0,-1.46589173174322
NM_016961,3.68315720339605,0,0,0,0,0,0,0,0,0,0,1,1,0,0,0,0,1,0,3.68315720339605
NM_018805,-1.48640895763117,0,0,0,0,0,0,0,0,0,1,0,1,0,0,0,0,1,0,-1.48640895763117
NM_018869,-0.611988354402711,0,0,0,0,0,0,0,0,0,0,1,1,0,0,0,0,1,0,-0.611988354402711
NM_019413,-0.85755290951251,0,0,0,0,0,0,0,0,0,1,0,1,0,0,0,0,1,0,-0.85755290951251
NM_019431,-1.00999255007519,0,0,0,0,0,0,0,0,0,0,1,1,0,0,0,0,1,0,-1.00999255007519
NM_019432,1.06493483056448,0,0,0,0,0,0,0,0,0,1,0,1,0,0,0,0,1,0,1.06493483056448
NM_019442,-2.84149621981336,0,0,0,0,0,0,0,0,0,0,1,1,0,0,0,0,1,0,-2.84149621981336
NM_019464,1.10753249028406,0,0,0,0,0,0,0,0,0,0,1,1,0,0,0,0,1,0,1.10753249028406
NM_019488,-0.245311136587535,0,0,0,0,0,0,0,0,0,0,1,1,0,0,0,0,1,0,-0.245311136587535
NM_019682,1.65786561914601,0,0,0,0,0,0,0,0,0,0,1,1,0,0,0,0,1,0,1.65786561914601
NM_019697,0.644238091176632,0,0,0,0,0,0,0,0,0,1,0,1,0,0,0,0,1,0,0.644238091176632
NM_019726,0.827170192020645,0,0,0,0,0,0,0,0,0,0,1,1,0,0,0,0,1,0,0.827170192020645
NM_019732,2.78562336019215,0,0,0,0,0,0,0,0,0,0,1,1,0,0,0,0,1,0,2.78562336019215
NM_019767,0.481086635610687,0,0,0,0,0,0,0,0,0,0,1,1,0,0,0,0,1,0,0.481086635610687
NM_019960,0.620537902377879,0,0,0,0,0,0,0,0,0,0,1,1,0,0,0,0,1,0,0.620537902377879
NM_019965,-0.557442838338113,0,0,0,0,0,0,0,0,0,0,1,1,0,0,0,0,1,0,-0.557442838338113
NM_019968,2.61897564178969,0,0,0,0,0,0,0,0,0,0,1,1,0,0,0,0,1,0,2.61897564178969
NM_021344,1.44902074336286,0,0,0,0,0,0,0,0,0,0,1,1,0,0,0,0,1,0,1.44902074336286
NM_021380,1.36232508791121,0,0,0,0,0,0,0,0,0,1,0,1,0,0,0,0,1,0,1.36232508791121
NM_021438,1.68909099588998,0,0,0,0,0,0,0,0,0,0,1,1,0,0,0,0,1,0,1.68909099588998
NM_021896,1.07659219806585,0,0,0,0,0,0,0,0,0,0,1,1,0,0,0,0,1,0,1.07659219806585
NM_022995,-0.79612773814148,0,0,0,0,0,0,0,0,0,0,1,1,0,0,0,0,1,0,-0.79612773814148
NM_023055,0.035332263081254,0,0,0,0,0,0,0,0,0,0,1,1,0,0,0,0,1,0,0.035332263081254
NM_023200,1.9109079851679,0,0,0,0,0,0,0,0,0,0,1,1,0,0,0,0,1,0,1.9109079851679
NM_023245,-1.19467778011576,0,0,0,0,0,0,0,0,0,0,1,1,0,0,0,0,1,0,-1.19467778011576
NM_023595,2.02505089555261,0,0,0,0,0,0,0,0,0,0,1,1,0,0,0,0,1,0,2.02505089555261
NM_023625,-2.86807041723519,0,0,0,0,0,0,0,0,0,0,1,1,0,0,0,0,1,0,-2.86807041723519
NM_023655,1.87415908758694,0,0,0,0,0,0,0,0,0,0,1,1,0,0,0,0,1,0,1.87415908758694
NM_024222,1.34063053731846,0,0,0,0,0,0,0,0,0,0,1,1,0,0,0,0,1,0,1.34063053731846
NM_024478,-1.3670023109714,0,0,0,0,0,0,0,0,0,0,1,1,0,0,0,0,1,0,-1.3670023109714
NM_025536,2.60686844432509,0,0,0,0,0,0,0,0,0,0,1,1,0,0,0,0,1,0,2.60686844432509
NM_025660,-1.38958727438014,0,0,0,0,0,0,0,0,0,0,1,1,0,0,0,0,1,0,-1.38958727438014
NM_025824,0.543473296014841,0,0,0,0,0,0,0,0,0,0,1,1,0,0,0,0,1,0,0.543473296014841
NM_025964,-2.60233561517253,0,0,0,0,0,0,0,0,0,1,0,1,0,0,0,0,1,0,-2.60233561517253
NM_025976,1.13310129560428,0,0,0,0,0,0,0,0,0,0,1,1,0,0,0,0,1,0,1.13310129560428
NM_026056,-1.49468385057899,0,0,0,0,0,0,0,0,0,0,1,1,0,0,0,0,1,0,-1.49468385057899
NM_026079,2.65339115203425,0,0,0,0,0,0,0,0,0,0,1,1,0,0,0,0,1,0,2.65339115203425
NM_026173,-0.902445616226934,0,0,0,0,0,0,0,0,0,0,1,1,0,0,0,0,1,0,-0.902445616226934
NM_026180,2.09841012967547,0,0,0,0,0,0,0,0,0,0,1,1,0,0,0,0,1,0,2.09841012967547
NM_026342,-2.21736544032388,0,0,0,0,0,0,0,0,0,1,0,1,0,0,0,0,1,0,-2.21736544032388
NM_026380,2.7215291122255,0,0,0,0,0,0,0,0,0,0,1,1,0,0,0,0,1,0,2.7215291122255
NM_026400,0.835130545413223,0,0,0,0,0,0,0,0,0,0,1,1,0,0,0,0,1,0,0.835130545413223
NM_026598,-1.9049790567718,0,0,0,0,0,0,0,0,0,0,1,1,0,0,0,0,1,0,-1.9049790567718
NM_026746,0.389707005227545,0,0,0,0,0,0,0,0,0,0,1,1,0,0,0,0,1,0,0.389707005227545
NM_027853,1.28727232213414,0,0,0,0,0,0,0,0,0,0,1,1,0,0,0,0,1,0,1.28727232213414
NM_028221,2.61846391420634,0,0,0,0,0,0,0,0,0,0,1,1,0,0,0,0,1,0,2.61846391420634
NM_028557,-1.89830375011381,0,0,0,0,0,0,0,0,0,0,1,1,0,0,0,0,1,0,-1.89830375011381
NM_028809,1.58166531930382,0,0,0,0,0,0,0,0,0,0,1,1,0,0,0,0,1,0,1.58166531930382
NM_029478,1.34056635681372,0,0,0,0,0,0,0,0,0,0,1,1,0,0,0,0,1,0,1.34056635681372
NM_029530,-1.59766362616413,0,0,0,0,0,0,0,0,0,0,1,1,0,0,0,0,1,0,-1.59766362616413
NM_029643,2.78812745492738,0,0,0,0,0,0,0,0,0,0,1,1,0,0,0,0,1,0,2.78812745492738
NM_029667,-2.3417599257977,0,0,0,0,0,0,0,0,0,0,1,1,0,0,0,0,1,0,-2.3417599257977
NM_029701,2.42389559903661,0,0,0,0,0,0,0,0,0,0,1,1,0,0,0,0,1,0,2.42389559903661
NM_030084,-1.3391489393547,0,0,0,0,0,0,0,0,0,0,1,1,0,0,0,0,1,0,-1.3391489393547
NM_030685,-0.033569221865708,0,0,0,0,0,0,0,0,0,0,1,1,0,0,0,0,1,0,-0.033569221865708
NM_030704,-0.973596120000987,0,0,0,0,0,0,0,0,0,0,1,1,0,0,0,0,1,0,-0.973596120000987
NM_030887,1.83302528381256,0,0,0,0,0,0,0,0,0,0,1,1,0,0,0,0,1,0,1.83302528381256
NM_031874,1.22805148338484,0,0,0,0,0,0,0,0,0,0,1,1,0,0,0,0,1,0,1.22805148338484
NM_053260,-1.30042223342056,0,0,0,0,0,0,0,0,0,1,0,1,0,0,0,0,1,0,-1.30042223342056
NM_054046,-1.39462054894538,0,0,0,0,0,0,0,0,0,0,1,1,0,0,0,0,1,0,-1.39462054894538
NM_080557,-2.97938214160392,0,0,0,0,0,0,0,0,0,1,0,1,0,0,0,0,1,0,-2.97938214160392
NM_080728,-1.83829580627401,0,0,0,0,0,0,0,0,0,0,1,1,0,0,0,0,1,0,-1.83829580627401
NM_133246,1.24113546901578,0,0,0,0,0,0,0,0,0,0,1,1,0,0,0,0,1,0,1.24113546901578
NM_133664,1.42941211094731,0,0,0,0,0,0,0,0,0,0,1,1,0,0,0,0,1,0,1.42941211094731
NM_133768,0.790071230730784,0,0,0,0,0,0,0,0,0,0,1,1,0,0,0,0,1,0,0.790071230730784
NM_138596,0.510828716314247,0,0,0,0,0,0,0,0,0,0,1,1,0,0,0,0,1,0,0.510828716314247
NM_138682,2.00519630206932,0,0,0,0,0,0,0,0,0,0,1,1,0,0,0,0,1,0,2.00519630206932
NM_139153,-1.34035286954148,0,0,0,0,0,0,0,0,0,0,1,1,0,0,0,0,1,0,-1.34035286954148
NM_139236,-1.92405083232877,0,0,0,0,0,0,0,0,0,0,1,1,0,0,0,0,1,0,-1.92405083232877
NM_144549,0.366713780602295,0,0,0,0,0,0,0,0,0,0,1,1,0,0,0,0,1,0,0.366713780602295
NM_144797,-2.09992239489567,0,0,0,0,0,0,0,0,0,0,1,1,0,0,0,0,1,0,-2.09992239489567
NM_144921,-1.37037567253246,0,0,0,0,0,0,0,0,0,0,1,1,0,0,0,0,1,0,-1.37037567253246
NM_145437,1.73045908557078,0,0,0,0,0,0,0,0,0,0,1,1,0,0,0,0,1,0,1.73045908557078
NM_145466,0.717849953246367,0,0,0,0,0,0,0,0,0,0,1,1,0,0,0,0,1,0,0.717849953246367
NM_145496,1.90478365096205,0,0,0,0,0,0,0,0,0,0,1,1,0,0,0,0,1,0,1.90478365096205
NM_145542,2.70597778119138,0,0,0,0,0,0,0,0,0,0,1,1,0,0,0,0,1,0,2.70597778119138
NM_145706,-2.01731231555347,0,0,0,0,0,0,0,0,0,0,1,1,0,0,0,0,1,0,-2.01731231555347
NM_146030,1.53809473610804,0,0,0,0,0,0,0,0,0,1,0,1,0,0,0,0,1,0,1.53809473610804
NM_146101,-0.854037179893905,0,0,0,0,0,0,0,0,0,0,1,1,0,0,0,0,1,0,-0.854037179893905
NM_153143,-1.02147564203606,0,0,0,0,0,0,0,0,0,0,1,1,0,0,0,0,1,0,-1.02147564203606
NM_153419,-1.13169257865117,0,0,0,0,0,0,0,0,0,0,1,1,0,0,0,0,1,0,-1.13169257865117
NM_153576,-0.486409918783228,0,0,0,0,0,0,0,0,0,0,1,1,0,0,0,0,1,0,-0.486409918783228
NM_153680,-0.910458846297602,0,0,0,0,0,0,0,0,0,0,1,1,0,0,0,0,1,0,-0.910458846297602
NM_172290,-1.01590461925512,0,0,0,0,0,0,0,0,0,0,1,1,0,0,0,0,1,0,-1.01590461925512
NM_172413,0.338605843672134,0,0,0,0,0,0,0,0,0,1,0,1,0,0,0,0,1,0,0.338605843672134
NM_172480,0.211102468829757,0,0,0,0,0,0,0,0,0,0,1,1,0,0,0,0,1,0,0.211102468829757
NM_172551,-0.159633856152342,0,0,0,0,0,0,0,0,0,0,1,1,0,0,0,0,1,0,-0.159633856152342
NM_172578,-2.23809921106882,0,0,0,0,0,0,0,0,0,0,1,1,0,0,0,0,1,0,-2.23809921106882
NM_172665,-1.13712319221063,0,0,0,0,0,0,0,0,0,0,1,1,0,0,0,0,1,0,-1.13712319221063
NM_172882,1.53435356752604,0,0,0,0,0,0,0,0,0,0,1,1,0,0,0,0,1,0,1.53435356752604
NM_175103,1.21915077224196,0,0,0,0,0,0,0,0,0,0,1,1,0,0,0,0,1,0,1.21915077224196
NM_178337,2.55080327487323,0,0,0,0,0,0,0,0,0,0,1,1,0,0,0,0,1,0,2.55080327487323
NM_199018,1.28225743409026,0,0,0,0,0,0,0,0,0,0,1,1,0,0,0,0,1,0,1.28225743409026
NM_199149,1.40177323927447,0,0,0,0,0,0,0,0,0,0,1,1,0,0,0,0,1,0,1.40177323927447
NM_207255,1.39404429065829,0,0,0,0,0,0,0,0,0,0,1,1,0,0,0,0,1,0,1.39404429065829
NM_211355,-2.53220945719344,0,0,0,0,0,0,0,0,0,0,1,1,0,0,0,0,1,0,-2.53220945719344
NR_003552,-1.19290420433856,0,0,0,0,0,0,0,0,0,0,1,1,0,0,0,0,1,0,-1.19290420433856
NM_144783,-3.05424924639101,0,0,0,0,0,0,0,0,0,0,0,0,0,1,1,0,1,0,-3.05424924639101
NM_133726,2.62924173364906,0,0,0,0,0,0,0,0,0,0,0,0,0,0,0,1,1,0,2.62924173364906
